ns,ss,rep,loc,scale,shape
10,10,1,73.1896439306858,8.43033964968732,-0.12842350417845375
10,10,7,69.27312098814821,6.813262348914767,-0.482953537431141
10,20,3,79.81468746489585,7.973611766183886,-0.035205117699618545
10,20,9,78.4469812719079,12.973851119015512,-1.017742216890333
10,50,5,85.66502212427412,5.174485650091598,-0.25739145647183936
10,100,1,85.0344590431209,5.823886573883988,0.0494228413590361
10,100,7,92.49871153316114,7.157734726396533,-0.6894025875413271
10,200,3,92.6676578691481,4.3466164158390015,-0.5350947445287659
10,200,9,96.82084473038837,6.350264274434479,-0.17789103085877028
10,500,5,0,0,0
10,1000,1,104.33258677804123,5.372562102201648,-1.0764265749845816
10,1000,7,100.95055238317843,3.8447420973173934,0.01264593746499717
10,2000,3,109.09173558172337,5.183101816012563,-0.8112502502707898
10,2000,9,106.6243811717185,6.026978549028982,-1.002467235173268
10,5000,5,108.39381002904909,2.9648369845710403,-0.040836037553600726
10,10000,1,110.99230272298932,3.41930986084357,0.366817159016522
10,10000,7,113.98295298723245,5.082849282124053,-0.5485211228564248
20,10,3,70.93883221666484,7.929938455987163,-0.3336876587317315
20,10,9,70.78359049117005,8.402006982285753,-0.2949602918043407
20,20,5,76.08366840955233,7.184594336215583,-0.02265534463066538
20,50,1,85.29345361017391,5.6898901013141545,-0.16659817507098246
20,50,7,84.46584708832258,6.489420614121046,-0.2432995799237602
20,100,3,90.22872970087104,4.669749555205023,0.04336511027040382
20,100,9,91.17915337812536,5.62879604230197,-0.6064687615762856
20,200,5,92.68635544516545,6.45248266744591,-0.1116509009295388
20,500,1,98.97656044124962,5.9872028575277305,-0.261629182023513
20,500,7,99.47711321351767,6.137623529072514,-0.48471347948952836
20,1000,3,100.72211265567563,3.41788470838666,-0.6169448374730214
20,1000,9,100.80953945675103,3.666114777169853,-0.09892523566031777
20,2000,5,106.70179413323456,4.779687646722266,-0.5458282842298183
20,5000,1,109.24498553757837,3.912599972288577,-0.019255663729375195
20,5000,7,109.07598750950082,4.546443424261574,-0.02813313986653859
20,10000,3,110.86437505586596,3.73901500329227,-0.03855467352747155
20,10000,9,111.33204496095155,3.4801690102768132,0.19248686189897776
50,10,5,72.88882999719809,8.98513451021552,-0.33173964030360314
50,20,1,78.2479332187007,6.437367200290886,-0.082120711711837
50,20,7,78.12608648387332,5.905079491689585,-0.06733306987592394
50,50,3,85.93035924060915,6.474099464009093,-0.2863605908065792
50,50,9,84.39957435256538,6.1017772482670685,-0.21499008555377133
50,100,5,86.97926415494977,5.909775510378934,0.019637008573468305
50,200,1,91.48250107411921,5.33049506095637,-0.15436687496837198
50,200,7,92.23203890219659,6.008119056795219,-0.21896288788336152
50,500,3,97.83696383377479,4.385473422621299,0.04608144217050266
50,500,9,99.20041398011944,5.684480576377466,-0.23097659091756825
50,1000,5,101.14355252412868,5.530577033927781,0.022463193660866323
50,2000,1,104.4448079393011,4.061061213184648,-0.2627377048375936
50,2000,7,104.68163980588699,4.405962093400897,-0.05545280086237422
50,5000,3,110.42471511120414,5.014638652436541,-0.10541109775500812
50,5000,9,110.93484834189415,5.294425940060107,-0.20675201604743693
50,10000,5,111.60093322774499,4.670159830590345,-0.12620276754277404
100,10,1,70.64805044482345,7.991785133708404,-0.16037725695763091
100,10,7,71.32263670465234,8.282975819293084,-0.12528615580544042
100,20,3,78.85593270290413,8.718894097863574,-0.15916878788560046
100,20,9,78.39243197140539,7.921620964998318,-0.213762837839747
100,50,5,85.35131945360469,7.459272998813818,-0.24127111524857645
100,100,1,90.35134184350309,6.109327373292305,-0.25157931494907776
100,100,7,88.56033394373337,5.893683361227901,0.0066460730601491025
100,200,3,92.21184543804056,5.648388430682793,-0.12176269966986991
100,200,9,93.65737888955546,5.397319307089091,-0.09148281340098881
100,500,5,98.30544143428942,5.428819641769456,-0.15576781368970516
100,1000,1,100.9597864326376,4.572730170366537,0.026286693283061123
100,1000,7,102.55023790523977,4.819278240355007,-0.11396182029621493
100,2000,3,105.06572282901566,4.790246239100289,-0.05143747627397842
100,2000,9,104.47914946570783,3.972682038937296,0.02257455027382717
100,5000,5,108.67049300115016,4.282636761810386,-0.16318212548232094
100,10000,1,112.0451310544201,4.2257469668346115,-0.049553254589061624
100,10000,7,110.94370085284724,4.119202221581018,0.03689373552680187
200,10,3,71.64284234304891,10.329024479329515,-0.20365568778742804
200,10,9,71.1450263366219,8.694904000550874,-0.2047276205769163
200,20,5,77.25151838617325,7.572176023481367,-0.07512276119289137
200,50,1,84.83516649668788,6.494118550800796,-0.12853342222916503
200,50,7,84.17411230127092,7.00369483507154,-0.17959659599367372
200,100,3,89.59855933544762,6.60870668382966,-0.08812543477652751
200,100,9,87.82785381171237,6.2824456747067865,-0.12038551810036015
200,200,5,93.61277263306707,6.050893399932449,-0.2142808403329842
200,500,1,97.68801345342052,5.583186014945416,-0.10307702656550212
200,500,7,97.95940966761961,5.069677584277212,-0.049081096673434174
200,1000,3,101.18629901182368,4.74178716670133,-0.08105300495925383
200,1000,9,101.0505574956649,5.177549897158324,-0.0066241083542989574
200,2000,5,105.23461295411919,4.756450897775864,-0.18920748113930538
200,5000,1,109.20328527580705,4.978439206359189,0.01566511113030583
200,5000,7,109.06011110219941,4.222027490101679,0.0046056290965836655
200,10000,3,112.16844128129263,4.223475669756236,-0.14479668133656812
200,10000,9,112.29796028882879,4.1884291288984095,-0.06535774297643177
500,10,5,72.18817529998957,8.487258549998899,-0.18753238792502955
500,20,1,76.95304302266227,7.992230644414787,-0.12161613804601734
500,20,7,77.87458741282924,8.24827250748258,-0.17366495697260947
500,50,3,84.70005586918691,6.922947596100287,-0.15406882512361225
500,50,9,84.03429644496327,6.537451220460562,-0.07432624534836396
500,100,5,88.91623651191586,6.5263335432972,-0.06005181048569864
500,200,1,93.16116609325296,5.892980830512836,-0.11958422068746408
500,200,7,93.42524555043514,5.997981143778152,-0.13467167900741642
500,500,3,97.46456339689823,5.159869785889956,-0.022193406139586005
500,500,9,97.66650292094577,5.074108441465802,-0.08055243413027086
500,1000,5,101.6495189360328,4.884249339216257,-0.09945152407182879
500,2000,1,104.64503430660501,4.50676803390421,-0.10017012885342214
500,2000,7,105.07676051618154,4.923370001962838,-0.07005142138004614
500,5000,3,108.75231379948823,4.355654996006017,0.01356247454711155
500,5000,9,109.09535278790408,4.413017648434282,-0.07795673743441761
500,10000,5,111.9334110279792,4.1401455218502345,-0.051264622892228356
1000,10,1,71.52264303384679,8.891194975996617,-0.1415409774796156
1000,10,7,71.93340119454338,8.629435409282893,-0.15053012789196363
1000,20,3,77.86398942876497,8.062120341369079,-0.1513318887391563
1000,20,9,77.4585552178041,8.000306158263886,-0.09799993567989589
1000,50,5,83.85560098039208,6.898076020430569,-0.08190406673503399
1000,100,1,88.7973505546468,6.365481562499286,-0.14835730775191192
1000,100,7,89.43409278249523,6.097255710903247,-0.10144691529054116
1000,200,3,92.89275070985323,5.979826994290557,-0.1200937317015575
1000,200,9,93.00553728555211,5.679936773465754,-0.12043139959425726
1000,500,5,97.61549139540193,5.108813886478292,-0.07247981536203253
1000,1000,1,101.77774447147551,4.934886035564018,-0.09644137965430968
1000,1000,7,101.24187571533213,5.003705862738274,-0.05547997444321252
1000,2000,3,105.16571408243654,4.586564819685005,-0.03793331518506738
1000,2000,9,104.44915405956912,4.511656341115279,-0.05723086159886781
1000,5000,5,108.99592110530216,4.3981317600477094,-0.029692174975939532
1000,10000,1,112.46536175855498,4.352398545183398,-0.11689678077914428
1000,10000,7,112.17372027909012,4.3568619903292145,-0.09125194466389072
2000,10,3,72.10815731823288,9.107499248215706,-0.1631194307980382
2000,10,9,72.13915081469912,8.733778271043477,-0.1542696338224983
2000,20,5,77.58205168459516,7.978224619262842,-0.14242281003811816
2000,50,1,84.31171928232119,6.856726664196248,-0.11215013975006861
2000,50,7,84.55631690425875,6.879155342376863,-0.11820344212314711
2000,100,3,88.93335131234544,6.344409607030506,-0.12425772499405183
2000,100,9,88.67056380172023,6.281732571371037,-0.07843134575881033
2000,200,5,92.9742089832387,5.831689510776275,-0.08487747816395765
2000,500,1,98.04001067179378,5.364622154493364,-0.08274999560621137
2000,500,7,98.07829228053426,5.381356536015723,-0.08528492253024915
2000,1000,3,101.51895187689802,5.012077331535284,-0.09329253229441785
2000,1000,9,101.56738633353393,4.822649274192594,-0.055178605838856636
2000,2000,5,104.9251561118078,4.833135493755835,-0.052965843591304275
2000,5000,1,108.878244817988,4.473952072602329,-0.07397120959378338
2000,5000,7,109.03415963643637,4.406959554655346,-0.09345745431983654
2000,10000,3,111.96674032134565,4.324360444064097,-0.06896192982948955
2000,10000,9,112.02597441414323,4.266593579774077,-0.061306312698272074
10,10,2,71.97923990539222,5.428304613108575,-0.2776683162858438
10,10,8,74.15540657004912,9.255358081406778,-0.3708633277066202
10,20,4,77.0583963640462,6.718352852812507,0.00904769233829189
10,20,10,77.63380051412015,11.371369774569256,-0.9849261820586551
10,50,6,0,0,0
10,100,2,90.18393214094606,3.738090211717121,0.1594846963786519
10,100,8,89.80122410999697,6.487072444638052,-0.4085397130910484
10,200,4,89.4171399599195,4.4136763554337195,0.5166849877500662
10,200,10,93.75048196173353,6.128781118182421,-0.5980618204098355
10,500,6,94.61180867114587,2.589841154016287,0.20850138972786034
10,1000,2,99.09404605403229,1.2634070252149836,0.7609367904125525
10,1000,8,100.0040031102123,4.308005724881073,0.055241799106997475
10,2000,4,104.45765569859283,5.127059035474735,-0.1458042541224309
10,2000,10,101.43056656821838,2.8048584071287865,0.23967260485934602
10,5000,6,108.7829133557654,4.61658137241448,-0.25461642344124835
10,10000,2,110.47368950271192,2.2923038484065987,0.5100357793858029
10,10000,8,0,0,0
20,10,4,74.2830190546712,8.433470884658233,-0.44233590630078684
20,10,10,71.85303931227952,7.246082854430583,0.08742111706750766
20,20,6,73.38265616738882,5.745255152753222,0.23239968750951273
20,50,2,86.9577862313392,8.70368438444407,-0.6499009288320106
20,50,8,83.54711963061054,6.443349387808201,-0.30540374501842754
20,100,4,88.10772866295682,6.268855821599347,-0.008281404358612606
20,100,10,87.59905449113687,5.89029947418936,0.05503635676913223
20,200,6,93.11037307373658,5.605865998843098,-0.17390451500916485
20,500,2,99.95070637809694,4.937412101448791,-0.014619863212257866
20,500,8,100.72072410235967,4.461587060034838,0.10378830909531468
20,1000,4,101.62667337493002,6.4126003563830505,-0.3934252448809918
20,1000,10,103.91753167949811,4.87769241346145,-0.17745089912694068
20,2000,6,107.04084694624521,3.766511801744988,-0.29367870905290816
20,5000,2,111.49938329218143,5.784620271175949,-0.7110499197617353
20,5000,8,109.46816556973452,3.763218719510249,0.12161107050889311
20,10000,4,112.2355127270877,4.76247536644435,-0.003654916187730608
20,10000,10,113.69374811432041,3.8749600980517624,-0.35566253499016587
50,10,6,72.82243391968741,8.996253234336058,-0.19213105258394927
50,20,2,76.58718607543932,7.799028696333725,0.016126748556232202
50,20,8,77.17116659405032,8.811611548154684,-0.24224857261035113
50,50,4,84.4494593039954,6.804455006487163,-0.09551007172006712
50,50,10,82.18792451037598,7.005272263048459,-0.16344413001894387
50,100,6,88.13689534852625,6.458496015628806,-0.09225910158696077
50,200,2,93.60752867738694,6.3299463566810426,-0.07023785414464898
50,200,8,95.08172629256643,5.638155994433076,-0.24909169413817367
50,500,4,98.57820538975449,5.551436828658994,-0.0036833475672555923
50,500,10,96.70937081032656,4.631421417453825,-0.03428090805617582
50,1000,6,101.23859042610786,5.202234207263499,-0.022649182719541347
50,2000,2,103.9879042933987,3.3061988267412503,-0.05981419240122223
50,2000,8,104.0783245166431,3.9943560373952707,-0.041996456405192395
50,5000,4,108.90204996477958,4.547924581643777,-0.31674987050096776
50,5000,10,107.98870901461972,3.4601591043338553,0.044171539172159
50,10000,6,111.0274262160472,4.0186788200877475,0.09248035269325008
100,10,2,69.21878668451505,9.436466808990918,-0.16794170108066822
100,10,8,71.31456419061334,8.964243911717666,-0.19501494514391912
100,20,4,76.65086812874172,8.98530883650131,-0.18160993320941024
100,20,10,78.4504558539405,8.542606255431814,-0.207262779979009
100,50,6,85.19960513333676,7.260174500339778,-0.2660831649581068
100,100,2,89.29808388031825,5.876156059669285,-0.09280957817996922
100,100,8,88.65415215726871,5.594758962890036,-0.10898098300521178
100,200,4,92.4941329137405,5.43813152401565,-0.005441236104489235
100,200,10,93.40293149522803,5.511963063445869,-0.04360809793865233
100,500,6,97.28878308736257,5.628298502348175,0.03608121810193736
100,1000,2,101.8127713591246,4.91763568501302,-0.1878977357731203
100,1000,8,101.62657735397354,4.563783968669791,-0.03248922927138521
100,2000,4,104.82998098137111,4.206995336275104,-0.0993796515393149
100,2000,10,105.10742419165398,4.87094206936385,-0.09316392750588168
100,5000,6,109.31278881955906,4.439704175786263,-0.08827141590929388
100,10000,2,112.27260638369971,4.004983615492124,-0.05260293945052261
100,10000,8,111.94164671193161,4.5748499896193655,-0.07681897671720657
200,10,4,71.71389184018376,7.774113929226575,-0.2077268826024477
200,10,10,72.32118099710212,8.629561701564386,-0.1422685880027318
200,20,6,77.26838514193715,7.669981295818708,-0.08384950344956832
200,50,2,84.46842038018642,6.946890616425741,-0.23483271080167853
200,50,8,83.8702745577881,7.1918187602847174,-0.10683782638464594
200,100,4,88.59066585248554,5.763606190085364,-0.10546431540869958
200,100,10,88.25654301761668,6.36143497364322,-0.06800157484721796
200,200,6,92.97702520163156,5.6544152788665905,-0.11764533509801771
200,500,2,98.36879904636545,5.84406673162031,-0.11520578027991822
200,500,8,97.72724017458265,4.990116249772703,-0.050110215920121506
200,1000,4,100.55227799640276,5.161866990534146,-0.017575195818888608
200,1000,10,101.81201843162856,5.1430640814823185,-0.17208222961297334
200,2000,6,105.15310874378108,4.484473032306467,-0.029118914550950118
200,5000,2,108.54274110160057,4.445701087014717,-0.0851020335715979
200,5000,8,108.94201326402921,4.439604813717026,-0.04448721423968002
200,10000,4,111.8772024959766,4.021173253102929,-0.0867806565384275
200,10000,10,112.06138766189159,3.9823609069147556,-0.11467135863191397
500,10,6,72.13283716066282,9.220644899798618,-0.18854483241565206
500,20,2,78.00158304960777,8.32919072878037,-0.2139489514842721
500,20,8,77.60764524437961,7.860734005798902,-0.11574001490257224
500,50,4,84.15070788543109,6.647162339419047,-0.09243636460314789
500,50,10,85.12913066302097,6.987851692480525,-0.13307687856707012
500,100,6,88.91372403997367,6.228836477034258,-0.0732612514191993
500,200,2,92.83366372855991,5.55386702398566,-0.06820276289837696
500,200,8,92.37835404241696,5.6242024192932725,-0.08072989227386904
500,500,4,98.45721517297508,5.712036055351465,-0.09423542101812536
500,500,10,98.01576631078781,5.114364354749377,-0.06274433852419108
500,1000,6,101.72232306023669,5.133917115826528,-0.05855228001234962
500,2000,2,104.84302070009153,4.6996582149494,-0.07927695934830895
500,2000,8,105.2214264768619,4.6227062590753,-0.06502591090754008
500,5000,4,108.60588282401905,4.38152309711459,-0.0909164167521922
500,5000,10,108.78198458093675,4.612870381255438,-0.049272051105120465
500,10000,6,112.01967565448764,4.405157441385679,-0.07705673982397429
1000,10,2,71.35793247978361,9.443994880886024,-0.1292929766272186
1000,10,8,71.57241481230848,9.217944692552091,-0.17629257697909687
1000,20,4,77.23909866274667,7.8921131844395624,-0.13661016501570994
1000,20,10,77.86862884773574,7.750375937616334,-0.1331381743584767
1000,50,6,84.39845692364496,6.5934032893112535,-0.09352410921102877
1000,100,2,88.76398340683416,6.106269782589021,-0.10625446933772956
1000,100,8,89.15440749848545,6.728220037009337,-0.1195083804947171
1000,200,4,93.02785538915326,5.726020051584505,-0.08880585583569518
1000,200,10,93.06233750833563,5.878592761491158,-0.1425723065254567
1000,500,6,97.9204316959653,5.282837484813423,-0.08955411061731901
1000,1000,2,101.53632170822203,4.992551216646485,-0.052977905759122534
1000,1000,8,101.36676627766596,4.950342495462317,-0.07041377208515796
1000,2000,4,104.74814256868375,4.714730315729423,-0.07907417330260474
1000,2000,10,104.68796255832048,4.665114613959506,-0.03972820687770229
1000,5000,6,108.85559934646572,4.39063902265151,-0.059299404202909085
1000,10000,2,112.0687103756586,4.4281912858780785,-0.013731949765084748
1000,10000,8,111.86968713866385,4.11344962799424,-0.036893836545818556
2000,10,4,71.66394629625762,9.282913085143793,-0.1374944053642016
2000,10,10,71.3918423391291,9.232754353666488,-0.166513573007274
2000,20,6,77.32927453223854,7.974980269419872,-0.14718064579417803
2000,50,2,84.45922233168028,6.9770900870908745,-0.12569858770367026
2000,50,8,84.53572600234476,6.85366159788027,-0.10669501511774371
2000,100,4,88.96150338653328,6.296786997499927,-0.09696218827066341
2000,100,10,88.82458484565323,6.303580806357329,-0.09698269627358046
2000,200,6,92.7688663091911,5.6437424758665236,-0.09852102686194171
2000,500,2,97.88638644798499,5.242818002620124,-0.08935093805072947
2000,500,8,97.87046520920235,5.217966240890873,-0.0682182337955486
2000,1000,4,101.56115892074585,4.972183875022981,-0.07603536247273633
2000,1000,10,101.45390000209576,4.77800621648066,-0.05205783955675975
2000,2000,6,105.03502302437178,4.657052995642594,-0.07800111788684827
2000,5000,2,108.97973278884376,4.449930376008664,-0.07753286436293072
2000,5000,8,109.0734903067687,4.544812638073045,-0.04521907806423814
2000,10000,4,112.0434057099038,4.11119939395486,-0.05889411396447111
2000,10000,10,111.94749840511712,4.156860706406371,-0.06187417058222711
10,10,3,70.42581693589436,4.823852629702796,0.2819219787782685
10,10,9,66.19071035202475,12.861497421157551,-0.3885600389031465
10,20,5,74.59901124989267,3.9714946594560865,-0.6767451997806893
10,50,1,89.43399566421644,9.919106890732317,-0.8200694985953026
10,50,7,89.70648527641332,5.288345594280233,0.0011373481897839553
10,100,3,87.03102524850995,5.151167090087702,-0.18236704597099154
10,100,9,87.47575019546551,3.534228832730887,-0.38389064669635975
10,200,5,98.70303266479667,13.274523919976165,-0.9924145297773063
10,500,1,0,0,0
10,500,7,98.67978589751156,2.781486934474597,0.5609855952258661
10,1000,3,98.3515114785527,3.519521062306423,0.3008411172484061
10,1000,9,100.7470429947346,6.132282809012058,-0.6620074606466863
10,2000,5,102.01701184035437,2.286248863766365,0.7677291108239537
10,5000,1,111.52762469861351,5.249056223894654,-0.5026662249020896
10,5000,7,105.88604552213592,2.5648149866209433,0.6097276018003938
10,10000,3,111.76365085522212,5.163896654378901,-0.04866005762849759
10,10000,9,113.09094365595841,5.369291048781997,0.08643080436367574
20,10,5,72.69471201961079,6.86116745319848,0.08665904442931165
20,20,1,77.29020890010382,6.261713836946147,0.0315142983602646
20,20,7,78.24657631114786,6.86297491095445,-0.11491734481629563
20,50,3,82.74494897759453,4.450184865114607,0.18101993739818556
20,50,9,86.1417010092042,6.882914413183689,-0.243804603109707
20,100,5,89.94430086704985,5.547630717274437,-0.3759868377180939
20,200,1,92.97644594329869,6.023391977511956,-0.3073132175461073
20,200,7,94.02726521073656,4.292802253237606,-0.11256477559269178
20,500,3,99.24440039368913,6.081220621180662,-0.29160004778663584
20,500,9,98.08357557484491,4.863962863759543,-0.18872551136121188
20,1000,5,101.75410343248461,4.824782417892098,0.09870883387091013
20,2000,1,104.69213168148374,4.5209269345378384,-0.05914647462184172
20,2000,7,105.54138851757094,5.151391239428799,-0.2676980950148219
20,5000,3,109.27705856369602,3.0375256495378,0.23346879357493647
20,5000,9,108.40619461820046,4.0238109807636615,-0.010222725169541272
20,10000,5,112.91725088388607,2.757964540997981,-0.18537437703164386
50,10,1,71.31594510832417,9.684243886224161,-0.2370841202170772
50,10,7,69.8413472567891,10.035134467409824,-0.09988163311579162
50,20,3,78.1327234526281,7.495676350316695,-0.1342996482384048
50,20,9,77.26354504629207,9.827287640607642,-0.0858441228594175
50,50,5,82.81935351628663,6.772106494455433,-0.03610681444173797
50,100,1,90.42039288991464,7.650237739383702,-0.2261297471137674
50,100,7,89.01834932969518,5.610575073748417,-0.06588922824006684
50,200,3,92.21735871615078,3.5552504531910603,-0.0281098676992582
50,200,9,92.33050871504764,4.487872002516329,-0.023905649781569328
50,500,5,98.60406847768394,4.829131372004696,-0.08344675737056122
50,1000,1,102.09398025056387,4.657000114568123,-0.1373644608269769
50,1000,7,102.23446773977889,4.065560759655771,-0.17059086408262136
50,2000,3,103.93811474594797,4.87490463623505,-0.11143053272074176
50,2000,9,104.90942911841483,4.389385922216038,-0.10476055371879786
50,5000,5,109.18137431346477,4.483436676260961,-0.1887633167753889
50,10000,1,112.13791132289731,4.2348279667353,-0.1002595253494094
50,10000,7,111.98824754475062,4.892581418596403,-0.1516880947746575
100,10,3,69.94266491245334,8.228191826895564,-0.12044097043047036
100,10,9,75.49620903092233,9.210620853149509,-0.22277960236326402
100,20,5,78.18997488875074,8.468208751246225,-0.15175864928672805
100,50,1,84.37920241337864,7.084960403569365,-0.18911470032939354
100,50,7,83.7404659592071,6.6874648119248965,-0.12846733298662974
100,100,3,89.53781281031598,5.988097192517123,-0.11319858447396475
100,100,9,88.39720250749353,5.605111576918039,-0.024437977362494565
100,200,5,93.68431147261761,5.565631620101403,-0.14070443221053958
100,500,1,98.82448880410934,5.655364596607465,-0.1176424790029592
100,500,7,96.99554540224078,5.519554837072257,-0.11418374410187122
100,1000,3,102.47071740658612,4.856011767707194,-0.11668486577847025
100,1000,9,102.8818427562617,5.053091725153934,-0.09014402720039144
100,2000,5,104.2375513498897,4.006858388720739,-0.019801148972272465
100,5000,1,109.1111710961678,4.424599406550619,-0.06556584185650263
100,5000,7,108.67947102586068,4.61367882127933,-0.04943565792463836
100,10000,3,111.74134558503582,4.092714612792716,-0.011850149499395418
100,10000,9,112.08956836834327,4.41292598867358,-0.1865314512332985
200,10,5,70.67882268445652,8.849551666020197,-0.17108760034887435
200,20,1,77.80069012885309,7.404000374028559,-0.12385422833826991
200,20,7,77.2678818931928,7.27508676836438,-0.15319743217796508
200,50,3,84.25541034667104,7.2215081273128625,-0.1483343117215853
200,50,9,85.11646849641268,7.057731362440636,-0.22202952295724182
200,100,5,89.09200970861967,6.504122712668905,-0.07897250205526009
200,200,1,92.85523598209099,6.054082974778649,-0.16171371930817152
200,200,7,93.22331306228538,5.568335128182548,-0.12008311168577764
200,500,3,98.1813382865023,5.39638388362508,-0.10256468105734454
200,500,9,97.78361903576764,4.499597609554089,-0.07899772268979377
200,1000,5,101.73035195202077,5.153555059616762,-0.10017981219945842
200,2000,1,105.3685841905189,4.752785973897871,-0.1472452311095634
200,2000,7,104.80600845658005,4.588025376074567,-0.05987393878169457
200,5000,3,109.0329353489836,4.18917517744215,-0.03662524779658749
200,5000,9,108.58015644832655,3.893622065125245,0.024262416177594056
200,10000,5,112.12003087322479,3.9549467846760247,-0.09111790524617412
500,10,1,72.7894795836637,8.981410867279607,-0.15422755377915015
500,10,7,72.17151915768153,8.968945707102169,-0.11432650148697944
500,20,3,77.80699263907475,7.478326182057426,-0.08130590481613113
500,20,9,77.50966975814346,8.521676273928891,-0.13727282682529252
500,50,5,83.77637538946357,6.586281102099625,-0.07601341592284364
500,100,1,88.5990485175133,6.261393722601367,-0.10265378874373256
500,100,7,88.82200655095835,6.17478394886943,-0.11376387182370531
500,200,3,93.21962098795967,5.709135303225537,-0.09646951369089594
500,200,9,93.35866043138493,5.307879957836503,-0.01719532640518357
500,500,5,97.81829969013371,5.371409735789507,-0.07251936095852157
500,1000,1,101.5602804051776,5.127803517339463,-0.09286307804787046
500,1000,7,101.30793963339954,4.63392626606904,-0.08411406289687968
500,2000,3,105.28147645349112,4.863877367731085,-0.06812501856682199
500,2000,9,104.66765196174863,4.718474183586072,-0.08167552710783683
500,5000,5,109.03634463837797,4.673478849228994,-0.03463974794225751
500,10000,1,112.1656121188987,4.431715159734069,-0.03722085777739129
500,10000,7,112.03053926757042,4.112672726107575,-0.049644620103253295
1000,10,3,71.50274712874037,9.009435730385382,-0.1206096981214084
1000,10,9,71.33264390157167,8.664891202843922,-0.13696925071965987
1000,20,5,77.43057169050722,8.157939275000915,-0.12922710452927458
1000,50,1,84.32842965249426,6.6564055643166276,-0.09198792235307775
1000,50,7,84.31621711589082,7.040721150398759,-0.11783977078363314
1000,100,3,88.74627803004347,6.5138494403245355,-0.1132015823489012
1000,100,9,88.65035588959101,6.401617199506667,-0.11922572692590912
1000,200,5,93.16035914510695,5.886075391277898,-0.12118606734109819
1000,500,1,98.01098416606266,5.279494700091356,-0.1015886481183001
1000,500,7,97.76765573807495,5.318525092944709,-0.07991072514885546
1000,1000,3,101.38339583396419,5.28731869485186,-0.09257017766992004
1000,1000,9,101.74332287074049,5.028445110730185,-0.09610757103557828
1000,2000,5,104.6399555766617,4.600411921897167,-0.06937837661915372
1000,5000,1,108.80064949044743,4.3964222888000855,-0.04186377826041756
1000,5000,7,108.76019255705438,4.424326020658238,-0.05263319240278532
1000,10000,3,111.77826043064636,4.241899841666298,-0.036767608192540775
1000,10000,9,111.74487792208363,4.16774143860265,-0.005965805812798812
2000,10,5,71.5145433163925,8.801142014640716,-0.1535268413612998
2000,20,1,77.82806965906536,8.122720026464929,-0.1532555580091976
2000,20,7,77.78576223933929,7.942162472771806,-0.12767955188397545
2000,50,3,84.1338653118929,7.109220569434093,-0.10482077190139741
2000,50,9,84.2563073161877,6.907748271692406,-0.13482684382284407
2000,100,5,88.79820956521404,6.5185105999049595,-0.12245852467860224
2000,200,1,92.93913531466042,5.851185976443987,-0.09622572754411231
2000,200,7,92.69970033803983,5.9758865900760565,-0.09317461116561943
2000,500,3,98.00396210290931,5.350855511445488,-0.09779066831015987
2000,500,9,97.94798899102793,5.245780523326645,-0.07953263930266576
2000,1000,5,101.59104090335184,5.04626716063342,-0.09224273327266282
2000,2000,1,104.70266076989384,4.772998029395659,-0.04085281598610508
2000,2000,7,104.64533047641451,4.748178964867396,-0.06469430673038198
2000,5000,3,108.94787278556605,4.388319350235403,-0.05972509222271806
2000,5000,9,109.10222364504581,4.292252766345913,-0.041807473491964106
2000,10000,5,112.15081920580673,4.126426095266724,-0.04871373795047612
10,10,4,74.60870494461642,9.75057901779784,-0.4869011325339851
10,10,10,77.20096179486212,8.7453898954296,-0.5095101263290993
10,20,6,72.20022041225393,6.447738778682851,0.12223731649187854
10,50,2,86.26375927716438,6.708244560285905,-0.5316628480448645
10,50,8,86.87620888806126,6.085173249163294,-0.9997251594118164
10,100,4,89.50679506298299,2.6823802525951392,-0.42523810563979764
10,100,10,0,0,0
10,200,6,95.74119885441411,6.116683527078376,-0.08879671660557463
10,500,2,99.97755516523421,6.9510217792598485,-0.731253921140802
10,500,8,98.19713996433669,4.54106184297821,-0.06892601366593266
10,1000,4,103.13929050130858,4.9796716767470155,-0.4158723289368536
10,1000,10,100.22391857437466,4.723715225817198,0.19247762846073946
10,2000,6,105.00774033959722,5.425321589329764,-0.2798212118889635
10,5000,2,110.83136065284673,4.219650591386482,-0.330216186141844
10,5000,8,108.0340001789593,3.1964013651685637,0.17200614875064266
10,10000,4,115.20338036338596,4.407944560203531,-0.3207911966236258
10,10000,10,111.4114017445966,3.328478469396865,-0.3386343337144682
20,10,6,68.23806276075736,7.188473668632443,-0.08011791136611776
20,20,2,78.16685150402085,8.812453780934202,-0.2593180509902867
20,20,8,75.44597282897595,7.8853142676599886,-0.12302125606276336
20,50,4,84.0609056549126,6.036949447764792,0.0700713328489841
20,50,10,82.0573032178075,5.970895182332121,-0.21554344005355344
20,100,6,90.64397978573771,6.108084091735731,0.007196220662022526
20,200,2,92.48054029977605,4.425696383540841,-0.0408714642648862
20,200,8,92.50679529569753,6.719914211299962,-0.051404061478051585
20,500,4,100.8517149044376,5.763065676365057,-0.3392974442480361
20,500,10,96.56634547203565,3.9601389866437557,0.3363661253050126
20,1000,6,101.09130531872317,4.380707416085882,-0.0336047320000347
20,2000,2,106.15573396011462,5.456591019630942,-0.06796014829841053
20,2000,8,105.82195768295816,5.014092617918714,0.05991541972978939
20,5000,4,110.52239517283546,5.429352165095932,-0.024186785278348114
20,5000,10,110.2763666596139,4.490672922757039,-0.3778643693000202
20,10000,6,111.9443211698825,4.515466578867481,-0.06727845234710049
50,10,2,74.2462238999135,7.374221178709354,-0.2321975421450823
50,10,8,70.83990133461143,8.7307188089662,-0.18973265036515466
50,20,4,77.37191933472648,7.246085819861644,-0.21128054802866714
50,20,10,77.87756436906868,9.70669713839442,-0.3787532919557291
50,50,6,85.28234127825453,7.1401714757282795,-0.015848734847194727
50,100,2,87.81618878532278,6.874370159968184,-0.2811063866648677
50,100,8,89.00997547416577,4.747347245003616,-0.034341296524662945
50,200,4,92.12749373342116,6.064155144836964,-0.037438222919490526
50,200,10,93.47594245216025,5.183944972826897,-0.11903593691724088
50,500,6,97.08065835368427,5.556021349095403,-0.06142461815171877
50,1000,2,101.64010346405395,4.809027778840029,-0.13210622507486902
50,1000,8,103.26498524422963,4.875098049031789,-0.20082315528561825
50,2000,4,103.65223589675627,3.9699431602600015,0.09909029396632422
50,2000,10,103.98956223426859,4.089159380571758,0.010656187136400642
50,5000,6,109.59835828763923,3.7437572054165806,-0.15020491303019573
50,10000,2,111.83489169308004,4.1751233974911885,-0.1439148971180351
50,10000,8,114.09776222380721,5.700950156063538,-0.36954201383411206
100,10,4,71.6389023078474,10.133312726337158,-0.102896362959954
100,10,10,73.23471725487,8.546146831745641,-0.1748897792248439
100,20,6,77.91782175687969,8.42231938262001,-0.07980465649609461
100,50,2,84.26987871878832,6.689055276143155,-0.12974742479244294
100,50,8,84.05952249318317,7.203271891820254,-0.14019933817377164
100,100,4,87.38535550751665,6.019730055494856,-0.08543062035007833
100,100,10,89.25158849222491,5.500647431967444,-0.07258318514564945
100,200,6,93.29371519510327,5.024622933022017,-0.10957155055514221
100,500,2,98.35018531493738,5.869121695023382,-0.2317378325866598
100,500,8,97.95281221255438,5.050084645798141,-0.18924071134759882
100,1000,4,102.16587058381378,5.166683791755711,-0.044293529063040814
100,1000,10,101.29263416586102,4.501946383631136,-0.060185819467991314
100,2000,6,104.32488365541786,4.5880183131251675,-0.14158422538183185
100,5000,2,108.70701738603871,4.159064802136419,0.0982360930260993
100,5000,8,108.674595021211,4.261891381577917,-0.046027327571851046
100,10000,4,112.09206838595578,3.7463257482968073,-0.02421580979276663
100,10000,10,112.23792119274492,4.677223495981565,-0.1864024587230273
200,10,6,72.14446992496649,9.44969148611467,-0.21743404581509276
200,20,2,78.20491441079439,8.479980402586941,-0.13380671759755403
200,20,8,76.23130605944996,7.762107819408899,-0.09367462295622069
200,50,4,84.76453133584074,6.34737334571383,-0.07949399509450011
200,50,10,83.62640464313836,6.7047680178784885,-0.1118496609021877
200,100,6,88.8064238465453,6.225009360519533,-0.008607029243710504
200,200,2,93.12635757229489,5.802099147961191,-0.23949980217192393
200,200,8,92.92454284933362,6.269360870880449,-0.14658345460795422
200,500,4,97.84667701936337,5.034130718506961,-0.034832402779125145
200,500,10,97.89891637118532,5.010429165276876,-0.006878509682236169
200,1000,6,101.6804015003144,5.346880856262187,-0.10877171150926965
200,2000,2,104.35128463043934,4.547830332710645,-0.08217798348498837
200,2000,8,104.9811712915763,4.717261381932131,-0.07896065547074987
200,5000,4,108.8547854070806,4.380494098762949,-0.007447376554207511
200,5000,10,109.56462278437095,4.2255612658742185,-0.13402736243671254
200,10000,6,111.55211609190775,3.8097186460023953,-0.0034214646877444616
500,10,2,71.00372245951897,8.781284355775163,-0.1395185378667483
500,10,8,71.03446022942136,9.029035547502232,-0.1868049523492321
500,20,4,77.97938333971588,7.430339440332625,-0.09543605457319403
500,20,10,77.65558220702158,7.364069644009466,-0.14733966934515816
500,50,6,83.81551646779519,7.315187994626538,-0.119969205498045
500,100,2,88.62961109800679,6.34517769950653,-0.1349472307840999
500,100,8,88.90420180864804,6.151254003396404,-0.1101899212141704
500,200,4,93.21569570436738,5.671881760091215,-0.06859280820112573
500,200,10,93.2031234491817,5.854798400929617,-0.09709755600896641
500,500,6,97.81973756102795,5.2327881130696365,-0.09469936682731679
500,1000,2,101.73706039476573,4.845291965804572,-0.09776910061443711
500,1000,8,101.46672853890819,5.154540812023432,-0.05458671529825834
500,2000,4,104.56797852531197,4.6383382851300565,-0.015994340544447858
500,2000,10,104.88942711077368,4.732031392281637,-0.11999651012730513
500,5000,6,108.62319504040983,4.54492585295343,-0.03471334747143093
500,10000,2,112.01163263592817,4.269173255911895,-0.021118673187274988
500,10000,8,112.05083004102092,4.310776997073248,-0.08371814033434043
1000,10,4,71.4834106567176,9.1745887786435,-0.15983711693782754
1000,10,10,71.2362632717964,8.470982913980826,-0.12051242252451551
1000,20,6,77.7063097714436,8.14305940251992,-0.14686193709280745
1000,50,2,83.76449464589122,6.527191878411823,-0.08310790916889484
1000,50,8,84.35533901694976,6.979471169377268,-0.1387195624314934
1000,100,4,88.72619688387906,6.211184883586937,-0.1056114779052004
1000,100,10,88.35011600557284,6.017035879322647,-0.07566273201049498
1000,200,6,93.1995272494491,5.622254974901774,-0.07845733132566397
1000,500,2,97.91746411744172,5.192543015767563,-0.06424603746807635
1000,500,8,98.02348017242694,5.273852449107216,-0.0842637320561453
1000,1000,4,101.71420243259219,5.0947455531184715,-0.0794573441350769
1000,1000,10,101.55628339136229,4.828026625602661,-0.07820313017563356
1000,2000,6,104.74027525388169,4.768146290618522,-0.07397209479331666
1000,5000,2,108.78680460093011,4.369485119296514,-0.06861626368880712
1000,5000,8,109.0480045389689,4.3194470815559,-0.060312807255276706
1000,10000,4,112.2090223461402,4.20578454215064,-0.05642796379880949
1000,10000,10,112.02857155333284,4.346346421263343,-0.0627479597691861
2000,10,6,71.35342504168352,9.037229924696588,-0.1539802224764004
2000,20,2,77.49914103551058,7.799558555706573,-0.13405630867850918
2000,20,8,77.61987510773606,8.169603434209716,-0.14796696073424012
2000,50,4,84.33274789842295,6.716076396854355,-0.12756362232623666
2000,50,10,84.29245320924274,6.844405048535076,-0.10561471110517473
2000,100,6,88.8715890410973,6.34113603328798,-0.11156665938772749
2000,200,2,92.9116673766788,5.807844230753606,-0.11235107102864574
2000,200,8,93.04701537853772,5.782070663757783,-0.0960344610784616
2000,500,4,97.9159239896213,5.3539708214529345,-0.10923879693359602
2000,500,10,97.86630067462109,5.220672895337135,-0.09475837538197059
2000,1000,6,101.63547598873255,5.067078612936124,-0.0791865562717236
2000,2000,2,104.72651879267951,4.5980085298031375,-0.04225427939333522
2000,2000,8,104.84390526998273,4.717828882157792,-0.0898909116851889
2000,5000,4,108.94670536990299,4.472733906176632,-0.06571235785935998
2000,5000,10,109.12341774884356,4.419718892840092,-0.07250096292299393
2000,10000,6,111.94932093296993,4.100010179128413,-0.028791972620840284
10,10,5,68.5772338067808,9.12266655102673,0.016389593436503647
10,20,1,0,0,0
10,20,7,78.96211809566442,4.998173290829584,0.11647041487891663
10,50,3,84.86624303262505,6.7601265068615906,-0.476917456899316
10,50,9,88.4145084567797,7.7958852462848265,-0.3204175684126645
10,100,5,86.9014494922312,3.2589427182910367,0.0018922280674826407
10,200,1,90.70893267000659,5.373975217864342,0.09766345024594997
10,200,7,94.24951256012962,7.816271809958297,-0.12925193134701146
10,500,3,98.08387726181799,3.0060880206589164,-0.18780695378203946
10,500,9,100.6757754935186,7.98279259184856,-1.2900668938557613
10,1000,5,100.33368431977556,3.804904219019306,-1.390167531070881
10,2000,1,105.91322556890263,4.145127027952939,-0.2511447825847559
10,2000,7,104.57094210206816,5.311860568556311,-0.17669286963255953
10,5000,3,110.37991737754876,5.132356556797888,-0.4122474254394292
10,5000,9,110.16631852816205,5.2319858180644925,-0.3522288365926574
10,10000,5,110.1266594128073,4.329187463034196,-0.13338904146945074
20,10,1,73.41868437853438,8.201450386673834,-0.06282862862817756
20,10,7,68.0291222696418,6.150144433528971,0.05175287163870579
20,20,3,83.27365678324202,9.373301824180487,-0.2578377989889111
20,20,9,79.73316618036743,6.998218277017846,0.07333697578728715
20,50,5,84.6842544028562,3.964146789159637,0.11056340583339377
20,100,1,85.12560483988986,3.9901160821453976,0.05936855511790142
20,100,7,90.2471602380836,5.951914624103136,-0.41831783716227133
20,200,3,92.60817362342608,6.29425050935135,-0.18740171451995072
20,200,9,94.42236243543492,6.620551253931262,-0.32633827159316664
20,500,5,98.54674283319231,4.937562137997609,0.056702330319696535
20,1000,1,100.79860372803465,4.29059685261392,0.06141563540385519
20,1000,7,102.5898758186466,6.038948510561149,-0.6750265050222743
20,2000,3,105.36649628836668,4.971109901740806,-0.15799065445705784
20,2000,9,102.81125070340508,3.833939464471549,-0.0024543111425334063
20,5000,5,108.92046082379814,4.444498692429691,-0.015317953940665804
20,10000,1,112.35452604546715,3.9962342969959184,-0.1205078955466644
20,10000,7,112.13414207985998,3.8209727394663218,-0.10397400253677
50,10,3,71.61542588196494,10.092617851178204,-0.23189773524042845
50,10,9,71.87914439997525,9.167702307553824,-0.1395699719188897
50,20,5,76.70440468633528,8.279927171681166,-0.20813294281222214
50,50,1,84.00973221525346,6.35769176247829,-0.19458434384671636
50,50,7,87.09184527181974,7.913594215804979,-0.45893680852423707
50,100,3,88.61971270388754,6.260094124810087,-0.08927895158811927
50,100,9,88.83064934608963,6.447257433564124,-0.049637050203951864
50,200,5,93.47647849834033,5.797642014269708,-0.12645444236004694
50,500,1,98.63821408209017,4.756445116725985,-0.18006951813897384
50,500,7,96.61200335555341,4.775682868720667,0.043328108970029026
50,1000,3,101.72419483901588,5.021634672809126,-0.2114990238641016
50,1000,9,101.8914926641548,5.368793870980186,-0.09232808889528799
50,2000,5,103.70049952296495,3.758564847895152,0.013807391282822368
50,5000,1,109.43511782591462,3.6163967947715157,-0.09144049783746049
50,5000,7,108.89362036114453,4.202351086605515,-0.21651587333790104
50,10000,3,111.83608834083232,3.1319859403496286,-0.16921461740874655
50,10000,9,113.07228057177406,5.079318823259501,-0.2520872130583506
100,10,5,70.65065997260872,8.949956195791676,-0.22071343313889497
100,20,1,78.16244799631004,8.07397566147452,-0.19272289547661578
100,20,7,77.4596706380499,8.682274692051164,-0.17925399288551302
100,50,3,83.54058240657001,7.1487375413787735,-0.13304909959868386
100,50,9,84.2509789647848,7.466207391268998,-0.10629525643014953
100,100,5,89.79990581142793,6.403097530686168,-0.22692086693730373
100,200,1,92.36622171351001,6.328015035962852,-0.10774746804023021
100,200,7,93.02433015397847,6.392244830758022,-0.0970373307499501
100,500,3,97.23087798723745,4.873917765075199,-0.050964347648033266
100,500,9,97.55931101862059,4.946411176377298,0.023573191604996897
100,1000,5,101.55252841815243,4.74749200506123,0.054190025581819574
100,2000,1,105.31314302933582,5.01085145096968,-0.12398588886469655
100,2000,7,105.60935690636965,5.0754439801101805,-0.12167492598364066
100,5000,3,109.34705518613616,4.1906563547533375,-0.010300536381777236
100,5000,9,109.68112531070847,4.637758626377763,-0.016008958994152986
100,10000,5,111.33892367873055,4.255051741586802,-0.07667520082219509
200,10,1,71.51994674019343,9.758464678864076,-0.18097548190343662
200,10,7,72.53291503871657,8.979755424090603,-0.14057556549191808
200,20,3,77.78737909231545,8.13860963839466,-0.18769664775512301
200,20,9,77.89457870778496,7.438932523422193,-0.14846275969489237
200,50,5,83.54847679775406,6.890293940238505,-0.037778115809822176
200,100,1,88.23785470472579,6.0621954869773065,-0.11552633387693732
200,100,7,89.7111316756162,6.290504866418486,-0.1533889735492717
200,200,3,92.81605564764475,6.123237515685023,-0.09114230633409237
200,200,9,93.58779890709049,6.309424737944313,-0.1442810579844747
200,500,5,98.78982569878373,5.569807436854459,-0.14924470747719001
200,1000,1,101.8983282098159,5.296226427921189,-0.0931362892119205
200,1000,7,100.98229033245799,4.995850902576005,-0.008282257444648654
200,2000,3,105.08420013243084,4.667191344666759,-0.08068640293627033
200,2000,9,104.93963380845825,4.458099466013332,-0.022477975148351263
200,5000,5,109.33687782385279,4.551552485145849,-0.05689500277840665
200,10000,1,112.50221326436856,4.35179392273407,-0.09975696214309752
200,10000,7,112.03305278269413,4.171008267653574,-0.07931617206886371
500,10,3,71.98830003006238,8.970123716631221,-0.1996805912313936
500,10,9,72.16205538204832,9.388634273442838,-0.1927313959988279
500,20,5,77.59764077761828,7.890713157116009,-0.1446299278681622
500,50,1,84.69035228967594,7.102986060418844,-0.11769750015163878
500,50,7,84.00695599280036,6.999540990087677,-0.10965050060606062
500,100,3,88.69015374926117,6.278252523783029,-0.08395367335542636
500,100,9,88.82427131332393,6.342892925706223,-0.0985517889558702
500,200,5,93.52385854468808,5.862028047654928,-0.12262265324392722
500,500,1,97.7816322999355,5.171295824238517,-0.04034947830123259
500,500,7,98.14540910026383,5.1574953412844975,-0.09262703677228548
500,1000,3,101.3170057153765,5.156207672315284,-0.03640500339827547
500,1000,9,101.51229668411148,4.894940798041387,-0.07835903580111399
500,2000,5,105.31871680575387,4.58922073660689,-0.05083542962689535
500,5000,1,108.84864299948686,4.21058722989979,-0.048610106039342654
500,5000,7,108.98207985937141,4.3037153632659635,-0.024377690252226837
500,10000,3,112.04432247959278,3.891546899778827,-0.049036830212155796
500,10000,9,111.5900625560618,4.035618428981142,-0.015856785290555044
1000,10,5,71.82550678709562,8.682111506834877,-0.15826309989821086
1000,20,1,77.83398658481673,7.802706034213641,-0.12368038639828599
1000,20,7,77.34212080158872,7.98555783240555,-0.14685297466840153
1000,50,3,84.35012806462055,6.903587265859689,-0.15882205981102032
1000,50,9,84.47561178284009,6.666046176849934,-0.11042615555197793
1000,100,5,88.70952377234124,6.254742516570737,-0.11405350374910296
1000,200,1,93.01463315095553,6.015868023519107,-0.07953059075368688
1000,200,7,92.64590472267872,5.7662866323213695,-0.1225157757114375
1000,500,3,98.33146988563122,5.259844325373853,-0.08961976600588431
1000,500,9,97.97737216705814,5.011715728420758,-0.06748252293828462
1000,1000,5,101.63238457134659,4.951703045399123,-0.06743489917100484
1000,2000,1,104.72467637242544,4.629638055304004,-0.04660466512032811
1000,2000,7,104.96492010510127,4.575009419120894,-0.054062614571074065
1000,5000,3,109.0432566820449,4.466521637442902,-0.08738428374401387
1000,5000,9,108.89778008196956,4.453404561463487,-0.06048761295567145
1000,10000,5,112.01835311682717,4.424566928123667,-0.04587883897262192
2000,10,1,72.14756935929273,9.187432184651838,-0.19863262988654762
2000,10,7,71.77498080504763,9.042340939509174,-0.16255207272300415
2000,20,3,77.62637792171171,7.923972506296718,-0.1523559657950638
2000,20,9,77.38187735293272,8.017381322460432,-0.15712482247026915
2000,50,5,84.18406104317461,6.82883173428678,-0.1265674764975828
2000,100,1,88.93498435698957,6.455552977206289,-0.1035106184630143
2000,100,7,88.74583426560231,6.32857448896224,-0.09625378284791598
2000,200,3,92.90882342640515,5.76937813448386,-0.08054304117810383
2000,200,9,92.98776240102642,5.826466039857073,-0.08452329946980823
2000,500,5,97.94149868947521,5.044162080741191,-0.046696070296121356
2000,1000,1,101.41392473430568,4.94659329444076,-0.06687570636242234
2000,1000,7,101.53173837453427,4.970418706704308,-0.09032036198104237
2000,2000,3,105.05542638676971,4.712676471240502,-0.05117509440631655
2000,2000,9,104.83859467653049,4.7590315183335345,-0.03486698758106975
2000,5000,5,108.96965390439995,4.490275541520679,-0.053124141273211
2000,10000,1,112.07563647968281,4.265942420999482,-0.061785245573753554
2000,10000,7,112.17821182274682,4.179128742131059,-0.06936276243234736
10,10,6,73.28655785071511,13.054236534424295,-1.052488009433586
10,20,2,76.8135137812928,7.985619270421946,-0.5942380034430825
10,20,8,79.39315445059856,9.65363976986357,-0.5317860511073621
10,50,4,84.9291417849506,6.640820192403229,-0.9843374583365435
10,50,10,83.41973739759548,5.164793790039395,0.07896791185129089
10,100,6,97.38568987197979,8.833977815846149,-0.2620414154298913
10,200,2,90.98785008667204,4.000021031469083,0.1486036798080378
10,200,8,93.03931958470487,4.993954783312752,-0.2606221366598115
10,500,4,98.76645333503778,4.6377326016997005,-0.25789358028439086
10,500,10,97.82728397647135,5.799070347246368,-0.18877341429670197
10,1000,6,101.70358726800366,5.365080327299196,-0.33884661211835526
10,2000,2,105.88298368800034,3.015314493320211,0.2975228922645482
10,2000,8,107.54672805973793,6.296474917714469,-0.15578248438068687
10,5000,4,109.90387393785066,5.152848124353243,-0.3459620472152794
10,5000,10,108.52373748649373,4.019504604362679,-0.3353368839281342
10,10000,6,112.79183595240697,5.295849292332238,-0.044471218525791244
20,10,2,72.31196596780781,10.351437289291782,-0.1396009613161801
20,10,8,73.40274732665316,6.135284699332548,-0.059526377882333115
20,20,4,77.22643320810803,6.6078629914694895,-0.30372676269609716
20,20,10,77.32698053664696,8.01447978105409,-0.3122942339329483
20,50,6,84.78117372266797,5.057047353852953,0.03141723984590588
20,100,2,86.00734609647446,5.8113056407693024,-0.2670475730696908
20,100,8,90.64987702470302,6.891705513286658,-0.223065756719556
20,200,4,93.50656073590895,4.260924013273191,0.1999938747250995
20,200,10,92.58133950007708,8.16680941115351,-0.2320938349188796
20,500,6,99.72443070378563,6.213572637160751,-0.05904425639638299
20,1000,2,101.87328203562893,6.8362209030249055,-0.2416810048806622
20,1000,8,100.84622696476147,4.01427602526904,0.01329144714792676
20,2000,4,105.67397602462839,4.430308939557629,-0.17465153756543067
20,2000,10,104.46647081852797,3.445969516585229,-0.12470157768750345
20,5000,6,109.28954526646464,4.013200214237977,-0.18499007383763663
20,10000,2,111.672947375374,3.0420498883300917,-0.4039952420291193
20,10000,8,112.95583471140256,3.7931593891574664,-0.18337712543526435
50,10,4,75.39574904624122,10.388377838567537,-0.21062281607758396
50,10,10,71.49131382876052,7.4931970999471655,-0.047600758621685155
50,20,6,77.698026145357,7.419218900650252,-0.22046995008553186
50,50,2,86.30438616935504,6.262084022427327,-0.08741802255243881
50,50,8,84.28733315805962,7.8161278754916514,-0.25148850255965194
50,100,4,88.81889194920025,5.550784819428208,0.02497293180943956
50,100,10,90.44989792451534,5.88962603224702,-0.34120711633061623
50,200,6,92.70968726550561,4.596807072913324,0.021726080613872108
50,500,2,97.5836886755114,5.1746744447965405,0.06970460788043314
50,500,8,97.25511114861247,4.431115285319852,0.30087535726940956
50,1000,4,103.11117910053937,5.195945202170969,-0.16686254136338877
50,1000,10,101.48911688937376,4.929649760767423,-0.12752967890943323
50,2000,6,104.13062041318518,4.503280000448745,0.0796977501106863
50,5000,2,107.74680120223974,4.224622925898648,-0.020259634853889125
50,5000,8,107.94082101690637,4.6366726136490275,-0.14257858447637442
50,10000,4,112.86941135411118,5.159377334291491,-0.10785537704234081
50,10000,10,111.34708764266192,4.646576449720163,-0.11048662621456226
100,10,6,71.13371227767965,9.020582827893085,-0.22888417499513802
100,20,2,77.98480107385856,7.664514835574611,-0.1802029325677099
100,20,8,76.49330791380463,7.944588245278404,0.023445379675497383
100,50,4,82.05347085394213,6.474650702695455,-0.06360686228518049
100,50,10,85.17180846026494,8.209066882867484,-0.15266744943686028
100,100,6,89.4387147075278,5.898837006571783,-0.15230446355101362
100,200,2,92.47511888511171,5.012636720180465,0.07334567253251136
100,200,8,93.02685398961533,6.1613359884977505,-0.09176194575147144
100,500,4,97.62003499841572,5.146930156269758,-0.15681649800317243
100,500,10,98.98266353013594,5.397488713453079,-0.046004271992869016
100,1000,6,101.89110731678343,5.298865811609036,-0.07220519212552261
100,2000,2,105.53289391876437,4.483014662236795,-0.1573529477573396
100,2000,8,103.57519682336937,4.374998371036042,-0.15737053813002685
100,5000,4,108.95896916824799,4.624942520200313,0.011494947391854946
100,5000,10,109.36213426034575,4.11915390177403,-0.09398692628487945
100,10000,6,112.44507913601306,4.262424571650769,-0.031229329538323688
200,10,2,71.2151811646281,8.510168407955435,-0.13530591281873255
200,10,8,71.72644634242508,8.876108480460111,-0.20963364577830443
200,20,4,78.09819559431784,8.288436410845472,-0.14740637521520536
200,20,10,78.07056110903218,7.4660033058877895,-0.14445696154701845
200,50,6,85.40958339554798,7.263856583536398,-0.17187319994160086
200,100,2,88.84111853928421,6.032998462611149,-0.10771337125743614
200,100,8,87.6560192213778,6.313345127747657,-0.02457734396648652
200,200,4,92.79368967043052,5.792943672465572,-0.12930633192424523
200,200,10,93.18803403654572,5.905012271509405,-0.09424360249791719
200,500,6,98.42702812046515,5.29803427310211,-0.0747802773426297
200,1000,2,101.23675222324768,5.06920062688679,-0.15600414816766459
200,1000,8,101.75884348940748,4.944015299754603,-0.1349658071755682
200,2000,4,104.42249267565505,4.744933811618713,-0.04166056208813084
200,2000,10,104.76233235168587,4.881628537673337,-0.07637258355073985
200,5000,6,109.1951812409029,4.001662086812173,-0.04000277044387769
200,10000,2,111.65553997752122,4.259349340504937,-0.006616278453011343
200,10000,8,112.33260200636813,4.55899027014936,-0.046040108077143045
500,10,4,71.19953332977073,9.20945738653057,-0.15421213020202662
500,10,10,72.52119592290853,8.90918373108967,-0.19230504672331766
500,20,6,77.24483855683631,8.42199828368361,-0.17254108122526568
500,50,2,84.08965917909373,6.693637736420637,-0.13030826408521232
500,50,8,84.24911548438304,7.027731340410316,-0.09734844879606205
500,100,4,88.78015000236917,6.432688504178998,-0.135336373785523
500,100,10,88.59797077191315,6.421038971228258,-0.12258078581527476
500,200,6,92.71557301766921,5.736549014812707,-0.08328420513790363
500,500,2,97.84645629214324,5.2270433283069595,-0.06647631592048875
500,500,8,97.79319330723412,5.426196567676097,-0.06290897449721576
500,1000,4,101.86688952939289,4.95104183063496,-0.09815096025174166
500,1000,10,101.37301482674268,4.43548031790402,-0.10132341511542826
500,2000,6,104.78260464624468,4.454160838578447,-0.06829023188880026
500,5000,2,108.99398390145804,4.410901411478968,-0.03300302995897201
500,5000,8,109.30299331229716,4.406846152160865,-0.12643260860741545
500,10000,4,112.1367547741016,4.28334936097081,-0.09343358387390784
500,10000,10,112.42561388256979,4.385579381287132,-0.04729980156971451
1000,10,6,71.57236803562941,8.917848427294782,-0.14237154051672546
1000,20,2,77.14183424801864,7.587179873469625,-0.1316039527123209
1000,20,8,77.44680782643682,8.282867081513764,-0.12485087522207573
1000,50,4,84.41352337232196,6.6540804806759075,-0.12436223877525256
1000,50,10,83.97954840663992,6.741529515374754,-0.13974432313604596
1000,100,6,88.47098212463686,6.1677123578401405,-0.09442426435360925
1000,200,2,92.99702156141781,5.671810871511639,-0.11904452683478303
1000,200,8,92.96702660723605,5.704039864099048,-0.07034123730420119
1000,500,4,98.01526992925427,5.441857537265546,-0.04679357845773796
1000,500,10,98.47645609435364,5.541654219674826,-0.09555060772287889
1000,1000,6,101.56805647186101,5.106956619541466,-0.04070786153552259
1000,2000,2,104.98998047020068,4.814653173444443,-0.09386492691844614
1000,2000,8,104.62114877500545,4.626787121233343,-0.05457681521151247
1000,5000,4,109.26769950058313,4.499397180863586,-0.06331530181774161
1000,5000,10,109.27192058090975,4.632346589030606,-0.07050939470411208
1000,10000,6,111.67534092312647,4.169159232092213,-0.08365308005863553
2000,10,2,71.85851341600899,8.860676093840135,-0.17373181919504857
2000,10,8,71.94207304462635,9.070466609561954,-0.1447005465893382
2000,20,4,77.56523090044195,7.987666243045226,-0.1596840298862911
2000,20,10,77.1909589276081,8.059111691149218,-0.15483807712350856
2000,50,6,84.30802508547269,6.889620364980898,-0.12333864146704808
2000,100,2,88.78178378134076,6.217910338660405,-0.09460063840281664
2000,100,8,88.63232867334376,6.158286132230559,-0.09737704234446705
2000,200,4,92.94589315138236,5.703874718188342,-0.08240234725314638
2000,200,10,93.00440050205327,5.607655379360724,-0.08584252725528362
2000,500,6,98.0614253364666,5.301481668567404,-0.07988949542951747
2000,1000,2,101.44583667653869,4.965650938247714,-0.06679545378387648
2000,1000,8,101.71864661454326,4.966512879910347,-0.09977419302922491
2000,2000,4,104.8063277482256,4.59878369499969,-0.037195834843259716
2000,2000,10,104.7101132450442,4.548253394312747,-0.051178516567620284
2000,5000,6,108.98270337265468,4.260659357931223,-0.06511414146508253
2000,10000,2,111.841459825067,4.17989848956658,-0.02883256423023241
2000,10000,8,112.08685105637683,4.17342329332234,-0.04823457029333121
