rep,k,n_lambda,mu,sigma,min_size,filename,maxima,maxvals,loc,scale,shape,gev_max
1,5,2000,20,6.8,10,rep1_k5_lambda2000_mu20,,,42.71100515674426,1.1585583406397209,0.28707515974416714,46.862232313402885
1,30,30,20,6.8,10,rep1_k30_lambda30_mu20,,,32.28825330893991,2.1667422417088398,-0.1664834449407678,38.45240407282213
2,10,200,20,6.8,10,rep2_k10_lambda200_mu20,,,37.72101703205012,2.004402642189154,0.013106591495191021,43.614994583309056
2,30,10000,20,6.8,10,rep2_k30_lambda10000_mu20,,,46.0486653712223,1.9070922964892656,-0.18276661657370244,51.31391305134249
3,10,200,20,6.8,10,rep3_k10_lambda200_mu20,,,37.01331277472171,2.4857850196314315,-0.27407343001159173,41.72876817456641
3,30,10000,20,6.8,10,rep3_k30_lambda10000_mu20,,,44.900322455260515,1.6264525354949173,0.1274030117439267,53.64491840679509
4,20,2000,20,6.8,10,rep4_k20_lambda2000_mu20,,,42.910363533985766,2.4225597438946562,-0.09396289815618185,50.128864877499645
5,10,30,20,6.8,10,rep5_k10_lambda30_mu20,,,32.98004561245511,3.1872862650638787,-0.1466626896536508,40.229505252469735
5,30,10000,20,6.8,10,rep5_k30_lambda10000_mu20,,,45.58073382444749,1.6226850408609554,-0.14540342889548838,50.38699760147287
6,10,200,20,6.8,10,rep6_k10_lambda200_mu20,,,36.05333132972505,1.128439696957499,0.7193867305211521,59.71543209104001
6,30,10000,20,6.8,10,rep6_k30_lambda10000_mu20,,,44.94361462683861,1.5955299421733742,0.13683092146817535,53.72776838594634
7,10,30,20,6.8,10,rep7_k10_lambda30_mu20,,,33.936992556681965,2.710861259521657,-0.49511871737403174,37.85951165123039
7,30,10000,20,6.8,10,rep7_k30_lambda10000_mu20,,,44.81314235553956,1.191993689397,-0.08990226529339768,48.73799687774763
8,10,10000,20,6.8,10,rep8_k10_lambda10000_mu20,,,45.602496333917564,1.4972160093160087,0.025462434248337135,50.1167785548143
8,100,2000,20,6.8,10,rep8_k100_lambda2000_mu20,,,42.659148778867106,1.9742498193467533,-0.14753531669375772,49.707208424148
9,20,2000,20,6.8,10,rep9_k20_lambda2000_mu20,,,42.867630898809864,2.3513424789673087,-0.4706411049427768,46.782302602767906
10,5,2000,20,6.8,10,rep10_k5_lambda2000_mu20,,,42.06740194750984,0.5271324490022921,0.7378253262381295,49.23067393689418
10,30,30,20,6.8,10,rep10_k30_lambda30_mu20,,,33.71910010148656,3.688119779046949,-0.14918286932944447,44.54506653816723
1,5,2000,50,17,10,rep1_k5_lambda2000_mu50,,,104.20560516196817,4.232708371345012,0.2796276788141764,119.10494441331252
1,30,30,50,17,10,rep1_k30_lambda30_mu50,,,81.5645897034395,6.847499856793603,-0.10621150435362946,103.43750559689522
2,10,30,50,17,10,rep2_k10_lambda30_mu50,,,79.47687731891259,5.413993467774747,0.15157033504818748,100.21567706368705
2,30,200,50,17,10,rep2_k30_lambda200_mu50,,,96.52336785655375,5.775282280244126,-0.7056468457675986,104.0305125414948
3,10,10000,50,17,10,rep3_k10_lambda10000_mu50,,,112.56375595867671,4.34403017605108,-0.041774411958899804,124.21472812422644
3,100,50,50,17,10,rep3_k100_lambda50_mu50,,,84.09358461129005,6.860821742839686,-0.09617079594860255,111.78628826601225
4,10,10000,50,17,10,rep4_k10_lambda10000_mu50,,,115.28156931851521,3.8337597118323323,-0.38842384806539104,121.5681049943786
4,100,50,50,17,10,rep4_k100_lambda50_mu50,,,85.24463392070642,9.099536124973902,-0.12867925654528106,119.22611498606281
5,20,2000,50,17,10,rep5_k20_lambda2000_mu50,,,105.15487350960673,3.915242167771858,0.2838506004167666,132.5234795254877
6,10,30,50,17,10,rep6_k10_lambda30_mu50,,,83.27660983552657,5.098883496646881,-0.23347442302069235,93.52379152330975
6,30,200,50,17,10,rep6_k30_lambda200_mu50,,,92.83285369141605,4.643822018327365,-0.1159882992598892,107.39332392072956
7,10,200,50,17,10,rep7_k10_lambda200_mu50,,,93.2109199887945,2.736561366824071,0.2013704581592678,104.76979338181802
7,30,10000,50,17,10,rep7_k30_lambda10000_mu50,,,113.8472621949752,3.6122848052779095,-0.08080827150010397,125.96482911625722
8,20,50,50,17,10,rep8_k20_lambda50_mu50,,,86.48088752379354,8.60569192608521,-0.34660003228009273,103.48016541719143
8,100,2000,50,17,10,rep8_k100_lambda2000_mu50,,,106.06844597708984,4.374233571913887,-0.004126691096722349,128.50578532709457
9,20,2000,50,17,10,rep9_k20_lambda2000_mu50,,,106.15087698954662,3.257357062679256,0.31445594785055075,130.92090210947907
10,5,2000,50,17,10,rep10_k5_lambda2000_mu50,,,103.84458805140018,2.663336220671801,0.18882800156541785,111.75463231490757
10,30,30,50,17,10,rep10_k30_lambda30_mu50,,,80.54997126471442,7.548838008823898,-0.313339469568238,97.21488756524825
1,10,30,100,34,10,rep1_k10_lambda30_mu100,,,166.88241865432119,12.07972920572289,-0.5187860423927925,183.9158552266458
1,30,200,100,34,10,rep1_k30_lambda200_mu100,,,184.09121430680608,10.669569056249413,0.18377733003066618,250.4606155689614
2,10,200,100,34,10,rep2_k10_lambda200_mu100,,,181.58189168632958,7.798724050166731,0.4376076375624319,241.22335446852946
2,30,10000,100,34,10,rep2_k30_lambda10000_mu100,,,226.91358913691874,8.810212575532876,-0.005707070573306428,261.5411808563798
3,10,10000,100,34,10,rep3_k10_lambda10000_mu100,,,223.16469811974255,6.3459048869509385,0.21818319976747483,251.00857351106666
3,100,50,100,34,10,rep3_k100_lambda50_mu100,,,171.44961726537616,15.99642874937916,-0.14355249087214905,229.13200262049273
4,10,200,100,34,10,rep4_k10_lambda200_mu100,,,188.87412508598533,9.161902515471873,-0.3505819890920663,204.62148991237964
4,30,10000,100,34,10,rep4_k30_lambda10000_mu100,,,228.81447335784694,11.050951770690473,-0.03135600201983284,269.8890531593754
5,10,10000,100,34,10,rep5_k10_lambda10000_mu100,,,230.20986845672647,9.693199713732598,-0.12972602039226544,252.8107569151045
5,100,50,100,34,10,rep5_k100_lambda50_mu100,,,169.20535598175329,15.46687789554547,-0.11080851803792487,229.48373896461132
6,20,50,100,34,10,rep6_k20_lambda50_mu100,,,172.45540467908336,13.058895108284634,0.007884257995596642,219.78283567829035
6,100,2000,100,34,10,rep6_k100_lambda2000_mu100,,,213.6137833648045,8.656729405980501,-0.13864723161821457,245.17184830989527
7,20,50,100,34,10,rep7_k20_lambda50_mu100,,,175.32933841441059,13.91420466922326,-0.3922466171632205,201.09328362677653
7,100,2000,100,34,10,rep7_k100_lambda2000_mu100,,,210.8860008478122,9.286179205692756,-0.030923258045664356,255.1439588143689
8,20,50,100,34,10,rep8_k20_lambda50_mu100,,,170.18667039614382,11.423727426727826,-0.13176356882088652,201.96493918711283
8,100,2000,100,34,10,rep8_k100_lambda2000_mu100,,,212.05560920783319,9.787420248005226,-0.1338405105436984,248.13230967186334
9,20,50,100,34,10,rep9_k20_lambda50_mu100,,,169.81197510425648,6.020762479226335,0.7206900853448093,385.2853094673939
9,100,2000,100,34,10,rep9_k100_lambda2000_mu100,,,213.1567880011044,9.003745311363009,-0.0988241225466873,249.2680269651213
10,30,30,100,34,10,rep10_k30_lambda30_mu100,,,160.17441340233938,14.11641695307225,-0.08907064091588829,206.7383403045174
1,5,30,20,6.8,10,rep1_k5_lambda30_mu20,,,31.198546839070158,0.7462535412242755,0.2801729108773381,33.82504609392905
1,20,10000,20,6.8,10,rep1_k20_lambda10000_mu20,,,45.346989512191236,1.2148603667756988,0.18633887338715907,51.90077070816957
2,5,10000,20,6.8,10,rep2_k5_lambda10000_mu20,,,46.17977190602612,2.0728916653041902,0.450858913221637,56.85343391841219
2,30,50,20,6.8,10,rep2_k30_lambda50_mu20,,,34.60377939606344,2.9689483686739053,-0.21567065040195785,42.32528925835963
3,10,2000,20,6.8,10,rep3_k10_lambda2000_mu20,,,43.14943933542793,1.7778146669737485,-0.23603688720483976,46.702407267608514
3,100,30,20,6.8,10,rep3_k100_lambda30_mu20,,,32.16197756219201,2.944100485176116,-0.10262213981978295,43.84657339171717
4,10,2000,20,6.8,10,rep4_k10_lambda2000_mu20,,,42.82018202310271,1.480101927108435,-0.30869983099533105,45.50516176604879
4,100,30,20,6.8,10,rep4_k100_lambda30_mu20,,,32.307008726789405,3.138901162951771,-0.04782558199016428,46.623588727206
5,20,30,20,6.8,10,rep5_k20_lambda30_mu20,,,32.77724658964007,2.5690988524924516,-0.185733308852731,39.30025296317462
5,100,200,20,6.8,10,rep5_k100_lambda200_mu20,,,37.96240802291046,2.4526244939173742,-0.11591133911058653,47.40084328459045
6,20,200,20,6.8,10,rep6_k20_lambda200_mu20,,,38.421605576328155,2.976416567347532,-0.4583344940096774,43.45811032917662
6,100,10000,20,6.8,10,rep6_k100_lambda10000_mu20,,,45.45044537620355,1.88301811097623,-0.09525121567398169,53.07456772776278
7,20,10000,20,6.8,10,rep7_k20_lambda10000_mu20,,,45.25045826868711,1.342643516968681,-0.13798273319429274,48.94693024672638
8,5,10000,20,6.8,10,rep8_k5_lambda10000_mu20,,,45.5054631895655,0.5375664263580481,0.8542793130529709,60.22804115885013
8,30,2000,20,6.8,10,rep8_k30_lambda2000_mu20,,,42.67338524796131,1.5930583347064091,0.1696147390728461,52.21481513939304
9,20,30,20,6.8,10,rep9_k20_lambda30_mu20,,,32.05611164827642,3.0867532460068356,-0.05440462053519774,41.96207920430847
9,100,200,20,6.8,10,rep9_k100_lambda200_mu20,,,37.52352242138304,2.646698794875527,-0.1103994141291395,47.83381244291731
10,20,30,20,6.8,10,rep10_k20_lambda30_mu20,,,32.15396430547544,2.9157265718227365,-0.40543888101795755,37.45340589505125
10,100,200,20,6.8,10,rep10_k100_lambda200_mu20,,,37.79002164489122,2.6284040739475545,-0.20304547343960894,46.079817423788406
1,20,30,50,17,10,rep1_k20_lambda30_mu50,,,84.62603896409294,6.299822262982941,-0.638238515830382,93.18866988922204
1,100,200,50,17,10,rep1_k100_lambda200_mu50,,,93.62999739159065,5.128387177596616,-0.05926555733833618,116.31935626577891
2,20,200,50,17,10,rep2_k20_lambda200_mu50,,,91.25300344542558,6.990001626591429,0.038409727285212365,118.35535171456688
2,100,10000,50,17,10,rep2_k100_lambda10000_mu50,,,113.44613829989278,5.0107118979850185,-0.044107687431833374,136.52475529073982
3,20,30,50,17,10,rep3_k20_lambda30_mu50,,,85.92117784211486,9.732824135225904,0.00808383772886721,121.28294309835485
3,100,200,50,17,10,rep3_k100_lambda200_mu50,,,93.86358493166426,6.134113025332718,-0.06552605364076144,120.58851382786571
4,10,2000,50,17,10,rep4_k10_lambda2000_mu50,,,107.09795510257071,4.476238526605489,-0.1960230040552454,116.55948558669134
4,100,30,50,17,10,rep4_k100_lambda30_mu50,,,80.00155003524735,8.412693244862687,-0.14364410178399892,110.31097683506285
5,10,2000,50,17,10,rep5_k10_lambda2000_mu50,,,107.73699185996836,4.464214397700502,-0.15025911039454445,117.84374179362335
5,100,30,50,17,10,rep5_k100_lambda30_mu50,,,80.20687822971382,8.71101647076171,-0.16947812775084378,109.75425996082438
6,20,30,50,17,10,rep6_k20_lambda30_mu50,,,79.01262893744472,5.090660949981889,0.033950944323938234,98.52561955846731
6,100,200,50,17,10,rep6_k100_lambda200_mu50,,,93.29249863239284,5.875372568241626,-0.05491524780961438,119.63360152637553
7,20,30,50,17,10,rep7_k20_lambda30_mu50,,,80.1968832196951,3.568222781329063,0.0033781202189429775,93.04895133001759
7,100,200,50,17,10,rep7_k100_lambda200_mu50,,,93.72038316268616,6.07267598620868,-0.1288890383373017,116.37513623422811
8,20,200,50,17,10,rep8_k20_lambda200_mu50,,,94.93167333949594,5.676649020230867,0.17416956820054338,124.71744596376519
8,100,10000,50,17,10,rep8_k100_lambda10000_mu50,,,113.98339294166453,4.069794158262389,-0.07126254753653381,131.45806719200752
9,20,200,50,17,10,rep9_k20_lambda200_mu50,,,95.35127696814423,5.018370422247172,-0.05942073377376934,111.3280803844213
9,100,10000,50,17,10,rep9_k100_lambda10000_mu50,,,114.05308603093677,4.361001583181023,0.0013575664833610577,136.72816206178013
10,20,200,50,17,10,rep10_k20_lambda200_mu50,,,95.93072870899134,5.893872659496895,-0.41715538844617717,106.47614500754254
10,100,10000,50,17,10,rep10_k100_lambda10000_mu50,,,113.36840303907007,3.696201040429608,0.0028387283939793296,132.6815586668436
1,20,200,100,34,10,rep1_k20_lambda200_mu100,,,187.17550232377425,12.935826778899276,-0.005825542685105196,232.88453647089707
1,100,10000,100,34,10,rep1_k100_lambda10000_mu100,,,224.97166097276045,8.597923110506857,-0.08106201446212936,260.9967342819056
2,20,200,100,34,10,rep2_k20_lambda200_mu100,,,186.66109346231798,9.511818670143294,-0.02063688453679107,219.2812125360493
2,100,10000,100,34,10,rep2_k100_lambda10000_mu100,,,224.9616261452338,8.664270030821912,-0.06757256072554081,262.53169258730077
3,30,50,100,34,10,rep3_k30_lambda50_mu100,,,167.65496215739515,15.04394212616358,-0.3534475321920987,198.8336710953241
4,10,50,100,34,10,rep4_k10_lambda50_mu100,,,169.46257671268293,12.017687965768742,0.12383334464490797,212.87526996372873
4,30,2000,100,34,10,rep4_k30_lambda2000_mu100,,,209.31372605528642,8.275799758780408,0.051191482140107145,246.20390648716366
5,10,50,100,34,10,rep5_k10_lambda50_mu100,,,173.13749271595097,19.19651664518327,-0.1492451233405552,216.62606089345985
5,30,2000,100,34,10,rep5_k30_lambda2000_mu100,,,214.16301559626064,7.888179059578419,-0.06619563072090967,241.43709879636071
6,10,2000,100,34,10,rep6_k10_lambda2000_mu100,,,212.69801934547394,5.379771994995693,0.786492398435062,386.6780672950849
6,100,30,100,34,10,rep6_k100_lambda30_mu100,,,161.72891387758042,15.349333519474499,-0.1412221281872842,217.35584316574923
7,10,50,100,34,10,rep7_k10_lambda50_mu100,,,166.09394843931108,8.397839376819668,0.2753245387176976,207.92534000293725
7,30,2000,100,34,10,rep7_k30_lambda2000_mu100,,,215.0417112966856,8.239961649661923,-0.2778864035539259,234.29858352706873
8,10,50,100,34,10,rep8_k10_lambda50_mu100,,,176.46144414406496,10.319486084771118,0.3169835762586853,233.51527347228313
8,30,2000,100,34,10,rep8_k30_lambda2000_mu100,,,211.45338387709725,8.99210277965955,0.01725174804418503,248.62175274294427
9,5,10000,100,34,10,rep9_k5_lambda10000_mu100,,,230.33728432402046,6.668847810991755,-0.4906556754149211,238.46130703678614
9,30,50,100,34,10,rep9_k30_lambda50_mu100,,,169.50871433583455,11.21820221926303,0.1644036293201713,235.58697978828013
10,10,2000,100,34,10,rep10_k10_lambda2000_mu100,,,212.22589920306422,8.048919192529757,0.03341411745663958,236.76780266743114
10,100,30,100,34,10,rep10_k100_lambda30_mu100,,,161.97419776732258,14.74760116602342,-0.23903064069853275,205.01012313667584
1,10,30,20,6.8,10,rep1_k10_lambda30_mu20,,,31.517004650303655,0.9538836460858221,0.5240437762670529,41.12174940590603
1,30,200,20,6.8,10,rep1_k30_lambda200_mu20,,,38.141856225430196,2.660093939034614,-0.22537284691976703,44.94108366963756
2,10,10000,20,6.8,10,rep2_k10_lambda10000_mu20,,,44.49854681268582,0.6401603363294027,0.09570637065934702,46.69930746002359
2,100,50,20,6.8,10,rep2_k100_lambda50_mu20,,,34.39499001648678,3.018254260882235,-0.14699589170832664,45.18537933494428
3,10,10000,20,6.8,10,rep3_k10_lambda10000_mu20,,,44.47359731072788,1.2345840407412432,0.16190669969343685,49.30061041391683
3,100,50,20,6.8,10,rep3_k100_lambda50_mu20,,,34.63739736643773,2.2930711556351553,-0.05434904969539223,44.92813085040878
4,30,30,20,6.8,10,rep4_k30_lambda30_mu20,,,32.981520472470514,2.9185355072605805,-0.46460405440485414,38.121331879667125
5,10,200,20,6.8,10,rep5_k10_lambda200_mu20,,,37.28480261206625,2.03942846163194,0.015984310814123236,43.336368242442866
5,100,50,20,6.8,10,rep5_k100_lambda50_mu20,,,34.07055975903147,2.5842574278523824,-0.041798227141003584,46.03394874216735
6,10,10000,20,6.8,10,rep6_k10_lambda10000_mu20,,,45.453672649053104,1.3049375872580853,0.5011814898674781,57.7332796988825
6,100,50,20,6.8,10,rep6_k100_lambda50_mu20,,,34.77068691215557,2.997211916324292,-0.11819347961780798,46.228350695827395
7,10,10000,20,6.8,10,rep7_k10_lambda10000_mu20,,,45.91632496953906,2.732991158475543,-0.9845693842762191,48.405826263506896
7,100,50,20,6.8,10,rep7_k100_lambda50_mu20,,,34.107378029243165,2.874170546326678,-0.04873632166385992,47.17574131422021
8,20,2000,20,6.8,10,rep8_k20_lambda2000_mu20,,,42.6427852580364,2.2554739970993722,-0.08306688557701991,49.50292495251076
9,5,50,20,6.8,10,rep9_k5_lambda50_mu20,,,32.21905024698172,3.1602250407079118,0.14066960726824052,40.891755712713454
9,30,30,20,6.8,10,rep9_k30_lambda30_mu20,,,31.661513880810062,3.3039464182079206,-0.10777659116744115,42.1569107682336
10,10,30,20,6.8,10,rep10_k10_lambda30_mu20,,,33.37844887793244,4.5094964422291195,-0.35772163997215495,41.066853232136886
10,30,200,20,6.8,10,rep10_k30_lambda200_mu20,,,37.505310038526595,1.9937635829954705,-0.1584484940891375,43.264740919708665
1,10,30,50,17,10,rep1_k10_lambda30_mu50,,,80.56856662499305,3.5905445757882952,0.7069324475568234,152.97985569861945
1,30,200,50,17,10,rep1_k30_lambda200_mu50,,,94.43592619475238,5.0966763007982765,0.059460481340128685,117.63372805651102
2,10,200,50,17,10,rep2_k10_lambda200_mu50,,,90.4461485676693,2.764263798466477,0.039962095907326176,98.99787358833217
2,30,10000,50,17,10,rep2_k30_lambda10000_mu50,,,113.14860128956553,3.9610514666203422,-0.10764435738050487,125.75626191702122
3,20,50,50,17,10,rep3_k20_lambda50_mu50,,,85.15929405342492,6.8592879484675136,-0.23837408540204041,101.12462892500965
3,100,2000,50,17,10,rep3_k100_lambda2000_mu50,,,106.257844393836,4.376175821606684,-0.11323068264709704,123.18479080956425
4,20,50,50,17,10,rep4_k20_lambda50_mu50,,,85.07275601593139,7.090460425949902,-0.26064562217069726,101.01543562124034
4,100,2000,50,17,10,rep4_k100_lambda2000_mu50,,,105.23097784643727,4.522583460417476,0.09526423184854577,136.1173347481621
5,30,30,50,17,10,rep5_k30_lambda30_mu50,,,81.45545067012273,7.508493913931115,-0.07060356718854885,107.18228680232174
6,10,200,50,17,10,rep6_k10_lambda200_mu50,,,91.16712513169395,4.400610951004337,-0.47195462238444424,97.70955163533455
6,30,10000,50,17,10,rep6_k30_lambda10000_mu50,,,113.13277352304777,4.374001764170947,0.01576055824316614,131.14914947981416
7,10,10000,50,17,10,rep7_k10_lambda10000_mu50,,,112.42199940699821,5.359282886061577,5.544045670218261e-4,127.8482692690064
7,100,50,50,17,10,rep7_k100_lambda50_mu50,,,85.10350756999298,7.224408541939621,-0.05472125677327314,117.46476895649772
8,20,2000,50,17,10,rep8_k20_lambda2000_mu50,,,106.6980619887164,3.4573118728930092,-0.19825523282210722,115.2970039088901
9,5,50,50,17,10,rep9_k5_lambda50_mu50,,,79.20768698335193,4.776546889327084,-0.03306716070344585,89.16611124194382
9,30,30,50,17,10,rep9_k30_lambda30_mu50,,,81.08013951753125,9.16529740885782,-0.20853193841421303,105.21140640427477
10,10,30,50,17,10,rep10_k10_lambda30_mu50,,,84.46322618078821,4.348219433271673,-0.25687467016883603,92.92410567913723
10,30,200,50,17,10,rep10_k30_lambda200_mu50,,,93.27605419509547,5.137310415229391,-0.14929412129490147,108.33594360958493
1,10,200,100,34,10,rep1_k10_lambda200_mu100,,,180.45359694279705,8.743761227580876,0.6154231628813436,298.92552904848577
1,30,10000,100,34,10,rep1_k30_lambda10000_mu100,,,224.5850048039737,8.847675095710676,-0.024728474807752285,257.9314050544044
2,10,10000,100,34,10,rep2_k10_lambda10000_mu100,,,227.43533214604855,6.874140358719989,-0.17450086773331436,242.42393130938183
2,100,50,100,34,10,rep2_k100_lambda50_mu100,,,166.33179656582433,13.91645597397127,-0.06808020890547802,226.54619085157515
3,20,50,100,34,10,rep3_k20_lambda50_mu100,,,177.42984922017698,17.28236035334554,-0.9647245735819652,194.36350328758982
3,100,2000,100,34,10,rep3_k100_lambda2000_mu100,,,210.8612773640827,9.791647419352747,-0.15797102900096843,244.98466943928204
4,10,10000,100,34,10,rep4_k10_lambda10000_mu100,,,233.36057746092385,6.610562519530311,-0.3402759794958082,244.89038797966677
4,100,50,100,34,10,rep4_k100_lambda50_mu100,,,168.73533226752446,13.921741565461025,-0.03552017974686782,234.3301674751708
5,20,50,100,34,10,rep5_k20_lambda50_mu100,,,165.1895719896951,13.409853435905925,-0.001355932341365567,212.9830885119355
5,100,2000,100,34,10,rep5_k100_lambda2000_mu100,,,211.34381561525885,9.672581279717932,-0.12991984768164883,247.3540228472687
6,20,2000,100,34,10,rep6_k20_lambda2000_mu100,,,212.81959867886772,8.917932192563109,-0.2924942007608586,231.9124370255718
7,3,10000,100,34,10,rep7_k3_lambda10000_mu100,,,235.39898460460188,9.678674968675024,-0.9891118912523156,241.9056999617033
7,20,2000,100,34,10,rep7_k20_lambda2000_mu100,,,217.64503711656988,10.301348098485647,-0.18267003222445616,243.9272527495453
8,5,50,100,34,10,rep8_k5_lambda50_mu100,,,170.22158493142456,3.9328053170267965,0.8512025098045221,266.36989979284283
8,20,2000,100,34,10,rep8_k20_lambda2000_mu100,,,207.64859896281465,7.495405976038799,-0.09034832587302936,230.15870304400013
9,5,50,100,34,10,rep9_k5_lambda50_mu100,,,169.66347921131165,15.243498798241284,-0.4229814348441903,189.5432794129598
9,20,2000,100,34,10,rep9_k20_lambda2000_mu100,,,212.20512889442062,10.464288505887342,-0.00762890646894494,248.99990672036273
10,10,30,100,34,10,rep10_k10_lambda30_mu100,,,168.78630104414546,9.447890793803989,-0.5989124341443044,181.01200754718678
10,30,200,100,34,10,rep10_k30_lambda200_mu100,,,187.01336807825092,12.551876472893353,-0.12132116954178344,225.88809586558864
1,5,10000,20,6.8,10,rep1_k5_lambda10000_mu20,,,46.66467037911446,1.6457801122000444,0.2616930803669045,52.281756581676404
1,30,50,20,6.8,10,rep1_k30_lambda50_mu20,,,34.39096129294834,3.4527706363817474,-0.19412486243819366,43.72398219023597
2,10,50,20,6.8,10,rep2_k10_lambda50_mu20,,,33.63016982104284,1.5752868745406556,-0.04861401592627,37.797508455529425
2,30,2000,20,6.8,10,rep2_k30_lambda2000_mu20,,,43.027763999754384,2.14246077030206,-0.08209657676996607,50.19611854795069
3,20,30,20,6.8,10,rep3_k20_lambda30_mu20,,,33.475843666753924,3.5717307890415615,-0.0570320056844529,44.887869376902444
3,100,200,20,6.8,10,rep3_k100_lambda200_mu20,,,37.45744204508839,2.1219164970715507,-0.06549330248917304,46.708101013507836
4,20,30,20,6.8,10,rep4_k20_lambda30_mu20,,,31.982939043431816,3.092936608293165,-0.06785550007011798,41.67204966436989
4,100,200,20,6.8,10,rep4_k100_lambda200_mu20,,,37.55992952971742,1.9772838538315516,0.003863678939749529,47.917723475120376
5,20,200,20,6.8,10,rep5_k20_lambda200_mu20,,,37.55031607949249,2.0316489015890276,0.282867906986953,51.65476801166869
5,100,10000,20,6.8,10,rep5_k100_lambda10000_mu20,,,45.59364551486074,1.790160443968131,-0.2338119837102407,50.87601585743946
6,20,10000,20,6.8,10,rep6_k20_lambda10000_mu20,,,45.25882845362307,1.0904803783902857,0.31138671532934703,53.4549776008514
7,5,30,20,6.8,10,rep7_k5_lambda30_mu20,,,35.15102223090066,1.5627592237920178,-0.40014731056780967,37.23517764859183
7,30,50,20,6.8,10,rep7_k30_lambda50_mu20,,,34.26832570149342,3.0527822274293226,-0.2658909677505327,41.54148078839963
8,10,50,20,6.8,10,rep8_k10_lambda50_mu20,,,36.01853654519353,2.7507286116564855,-0.37540716947826186,40.60458712712442
8,100,30,20,6.8,10,rep8_k100_lambda30_mu20,,,32.58919495665516,3.183923808421235,-0.09718307978853567,45.39864678546824
9,20,200,20,6.8,10,rep9_k20_lambda200_mu20,,,37.34034845888401,1.9367267159014487,0.5435372427741043,69.24609577530032
9,100,10000,20,6.8,10,rep9_k100_lambda10000_mu20,,,45.396028095703365,1.6533262290211652,0.039376449898850537,54.96668348133304
10,20,200,20,6.8,10,rep10_k20_lambda200_mu20,,,37.00192211997507,2.236226252748664,-0.08477805812722754,43.781831333838404
10,100,10000,20,6.8,10,rep10_k100_lambda10000_mu20,,,45.19848096382117,1.6303564434219122,0.09517699695589812,56.323891051285315
1,20,200,50,17,10,rep1_k20_lambda200_mu50,,,95.069655075248,5.890875859857675,-0.13160847310207757,111.47394581420025
1,100,10000,50,17,10,rep1_k100_lambda10000_mu50,,,112.3906272985644,4.382037563160081,-0.03581937859987774,133.01923963900245
2,20,10000,50,17,10,rep2_k20_lambda10000_mu50,,,112.75136621808709,4.172504669777226,-0.14137310271107775,124.19452157061417
3,5,30,50,17,10,rep3_k5_lambda30_mu50,,,81.33316002391346,4.40809669221948,0.30864957094548995,97.8528496209823
3,20,200,50,17,10,rep3_k20_lambda200_mu50,,,94.15539918970939,6.058847806615168,-0.12648407555866398,111.19962494935142
3,100,10000,50,17,10,rep3_k100_lambda10000_mu50,,,113.0212294150853,4.556428085014248,-0.0635728964676726,132.96945248108435
4,20,30,50,17,10,rep4_k20_lambda30_mu50,,,83.43959478699276,8.09392017343899,-0.5906926364659341,95.05155703388249
4,100,200,50,17,10,rep4_k100_lambda200_mu50,,,95.4481007970612,5.876807540431419,-0.152778438747692,116.16108985574851
5,20,30,50,17,10,rep5_k20_lambda30_mu50,,,80.41300178186724,10.384978157172965,-0.19900605612627897,106.17668273036615
5,100,200,50,17,10,rep5_k100_lambda200_mu50,,,93.61164482981816,6.342530636966757,-0.28825755638376466,110.36180395017855
6,20,200,50,17,10,rep6_k20_lambda200_mu50,,,93.54864265014167,5.84904465047146,-0.09147661838110119,111.06496811922852
6,100,10000,50,17,10,rep6_k100_lambda10000_mu50,,,114.02882440415254,4.794677094842785,-0.084194987159113,133.94208585384308
7,20,200,50,17,10,rep7_k20_lambda200_mu50,,,94.60258286886734,5.769801976219293,-0.5466677091991949,103.33309153197374
7,100,10000,50,17,10,rep7_k100_lambda10000_mu50,,,112.44914867729157,4.368915558587291,0.058056430281966255,139.17125838525314
8,20,10000,50,17,10,rep8_k20_lambda10000_mu50,,,113.19877004673509,3.096418608319907,-0.17329213284534373,121.22019015086963
9,3,50,50,17,10,rep9_k3_lambda50_mu50,,,94.36342307438882,7.959798144592351,-0.15524384573973354,105.39289596399465
9,20,10000,50,17,10,rep9_k20_lambda10000_mu50,,,114.1459866389074,3.7334522790658062,0.11323809707165423,131.1183139902537
10,5,30,50,17,10,rep10_k5_lambda30_mu50,,,83.98492601024181,6.132535889283793,-0.0036584491847347074,97.33450339781281
10,20,10000,50,17,10,rep10_k20_lambda10000_mu50,,,112.39175697420788,3.687420771109012,-0.11050087960500139,123.06748169204894
1,5,200,100,34,10,rep1_k5_lambda200_mu100,,,193.28752430240314,6.238751918763239,-0.2858425194744884,202.71814441708378
1,20,10000,100,34,10,rep1_k20_lambda10000_mu100,,,232.21729757137396,6.382837302532353,-0.06208723277113839,252.4400809740309
2,5,30,100,34,10,rep2_k5_lambda30_mu100,,,150.62314659557836,11.849403262222248,0.5218412452067808,225.19188325547276
2,20,10000,100,34,10,rep2_k20_lambda10000_mu100,,,230.16023123233788,12.039727327339124,-0.17744374429288248,261.1159947184215
3,10,50,100,34,10,rep3_k10_lambda50_mu100,,,167.76400027639826,7.470251394536992,0.6569784212373597,288.0030906528027
3,30,2000,100,34,10,rep3_k30_lambda2000_mu100,,,211.2459348664445,11.680319570341428,-0.18536762446127367,243.2918479999397
4,10,2000,100,34,10,rep4_k10_lambda2000_mu100,,,210.7823138999971,5.6199761770374,-0.052612704396864614,225.60646149807783
4,100,30,100,34,10,rep4_k100_lambda30_mu100,,,160.71572731714258,15.223371773777048,-0.20921519237424344,208.08576305461088
5,10,2000,100,34,10,rep5_k10_lambda2000_mu100,,,214.50324870425968,8.849770163681983,0.034608339548731847,241.54757427069046
5,100,30,100,34,10,rep5_k100_lambda30_mu100,,,164.73294650654202,14.812397600754025,-0.23923979151795186,207.94018463463587
6,20,30,100,34,10,rep6_k20_lambda30_mu100,,,166.68471956526375,14.737725097502071,-0.587632203450708,187.90786529114288
6,100,200,100,34,10,rep6_k100_lambda200_mu100,,,187.48032383521758,12.120965201362685,-0.21027919150968835,225.06663619116932
7,10,2000,100,34,10,rep7_k10_lambda2000_mu100,,,202.50925021162857,5.397495365706426,0.7875022852775857,366.42581145663274
7,100,30,100,34,10,rep7_k100_lambda30_mu100,,,163.92067824355348,16.440761190085077,-0.1240612696741544,225.91172846351546
8,10,2000,100,34,10,rep8_k10_lambda2000_mu100,,,207.6795361395653,3.716327291884019,0.43841840817938305,235.99846140858722
8,100,30,100,34,10,rep8_k100_lambda30_mu100,,,164.83661017852342,16.88750224627291,-0.29997764378234304,208.42686753976818
9,10,50,100,34,10,rep9_k10_lambda50_mu100,,,165.40154377856595,8.367742507429911,-0.05663582987949199,187.32030685104655
9,30,2000,100,34,10,rep9_k30_lambda2000_mu100,,,209.99338012914944,9.761794473239425,0.09701558806116321,258.5827874609435
10,20,30,100,34,10,rep10_k20_lambda30_mu100,,,159.65315078980174,12.82610658494771,0.12874867311011595,220.28259106324884
10,100,200,100,34,10,rep10_k100_lambda200_mu100,,,186.55795099701785,12.299801187455984,-0.10295834741598835,235.38603418858003
1,10,200,20,6.8,10,rep1_k10_lambda200_mu20,,,37.2122365483442,2.9773007569461334,-0.445707103506781,41.769679818608594
1,30,10000,20,6.8,10,rep1_k30_lambda10000_mu20,,,45.16128344540621,1.4905687131438927,-0.0019697615800064717,51.06005617289257
2,20,50,20,6.8,10,rep2_k20_lambda50_mu20,,,33.32685291046838,2.3073029606443898,0.012792391661162453,41.782300222328516
2,100,2000,20,6.8,10,rep2_k100_lambda2000_mu20,,,42.66000888328311,2.240059107433264,-0.10613628099742961,51.47027252508242
3,20,50,20,6.8,10,rep3_k20_lambda50_mu20,,,34.22013251240374,2.364767302274107,-0.34637346793446216,38.88991234178147
3,100,2000,20,6.8,10,rep3_k100_lambda2000_mu20,,,42.81688443072105,2.1013299162932446,-0.029344115311663893,52.88125309076592
4,30,200,20,6.8,10,rep4_k30_lambda200_mu20,,,38.84355179728125,2.1739559568698112,-0.0773408041004494,46.196354266542535
5,20,50,20,6.8,10,rep5_k20_lambda50_mu20,,,33.7036605390805,2.6347502057455596,0.015233706793038638,43.413146216601874
5,100,2000,20,6.8,10,rep5_k100_lambda2000_mu20,,,42.20441724879955,1.7365915334433595,-0.08327571960521485,49.43951077886372
6,20,50,20,6.8,10,rep6_k20_lambda50_mu20,,,33.69133146635817,2.348080197659497,-0.00562819459290236,41.99357752370749
6,100,2000,20,6.8,10,rep6_k100_lambda2000_mu20,,,42.09063492037746,1.7128378751481372,0.028457527703392077,51.702865231018826
7,20,50,20,6.8,10,rep7_k20_lambda50_mu20,,,33.82813572486913,3.0171981872125606,0.06583129712593594,46.198341396987445
7,100,2000,20,6.8,10,rep7_k100_lambda2000_mu20,,,42.40821980113979,1.8752451145543094,-0.06532490878711633,50.58616049473373
8,30,30,20,6.8,10,rep8_k30_lambda30_mu20,,,33.628871280398826,3.2080708063643684,-0.1862876748958039,42.426105404221836
9,10,30,20,6.8,10,rep9_k10_lambda30_mu20,,,31.451014990996466,2.3957487082780498,0.023234746413222988,38.63413208323178
9,30,200,20,6.8,10,rep9_k30_lambda200_mu20,,,37.60231024074972,2.0871731152048767,-0.049637013794877574,45.07980327085408
10,10,200,20,6.8,10,rep10_k10_lambda200_mu20,,,39.17962990524786,2.233398935156399,-0.3482535123684119,43.026320226191636
10,30,10000,20,6.8,10,rep10_k30_lambda10000_mu20,,,45.58363554059216,2.0853461523418666,-0.19698596666736748,51.201336076905626
1,10,200,50,17,10,rep1_k10_lambda200_mu50,,,94.56509965074694,7.377333067112822,-0.5066968129977975,105.10686432632237
1,30,10000,50,17,10,rep1_k30_lambda10000_mu50,,,114.52664007734566,4.309961729251424,-0.09191062074878781,128.6739322072902
2,10,10000,50,17,10,rep2_k10_lambda10000_mu50,,,111.82599824152588,4.355424503543779,0.0966365524826207,126.76472684792296
2,100,50,50,17,10,rep2_k100_lambda50_mu50,,,84.76848305749027,6.5158767739321695,-0.14427248101365753,108.2099190812946
3,20,2000,50,17,10,rep3_k20_lambda2000_mu50,,,105.94837055731014,3.8094847726436614,-0.1962301503157524,115.45245951957729
4,3,30,50,17,10,rep4_k3_lambda30_mu50,,,78.13267267108067,7.130958251104787,-0.9836200214220937,82.94113129833235
4,20,2000,50,17,10,rep4_k20_lambda2000_mu50,,,104.95846615250939,5.0117885397006905,-0.3730570061052652,114.47716012019012
5,10,30,50,17,10,rep5_k10_lambda30_mu50,,,81.94164117559922,7.800665071292905,-0.2540918233283087,97.17776551324884
5,30,200,50,17,10,rep5_k30_lambda200_mu50,,,93.81010288119528,5.730137288832021,-0.16661585850543076,110.10268831784865
6,10,10000,50,17,10,rep6_k10_lambda10000_mu50,,,115.50146500819002,3.1037946797176663,0.09117964761316162,126.0341910290688
6,100,50,50,17,10,rep6_k100_lambda50_mu50,,,84.21777981812002,7.359373670142881,-0.08802188394779038,114.52258036963406
7,20,50,50,17,10,rep7_k20_lambda50_mu50,,,82.11291832715767,5.800152295473055,-0.014061259238525166,102.22596406138204
7,100,2000,50,17,10,rep7_k100_lambda2000_mu50,,,105.9929780470882,5.135836312828321,-0.09437117376123966,126.81210035607128
8,30,30,50,17,10,rep8_k30_lambda30_mu50,,,80.45210074760085,9.35442126515,-0.24910100215087727,103.40263552634458
9,10,30,50,17,10,rep9_k10_lambda30_mu50,,,83.54617336935964,10.223972030247154,-0.38503876653764724,100.37906509100117
9,30,200,50,17,10,rep9_k30_lambda200_mu50,,,94.31407773087034,4.864140289472392,-0.1542548572984748,108.44787666809454
10,10,200,50,17,10,rep10_k10_lambda200_mu50,,,94.15239699031846,2.483352555638558,0.4379766277446515,112.96289742140392
10,30,10000,50,17,10,rep10_k30_lambda10000_mu50,,,113.419685739265,4.275379289337279,-0.05994184322736061,128.38678908778263
1,10,10000,100,34,10,rep1_k10_lambda10000_mu100,,,225.50653831054194,8.664768244992365,-0.1388793665699454,245.44357789278075
1,100,50,100,34,10,rep1_k100_lambda50_mu100,,,167.19587902047772,14.009385493290763,-0.11571164228511639,221.12870130957762
2,20,50,100,34,10,rep2_k20_lambda50_mu100,,,175.0239806839481,14.62048790489179,0.023195353728325242,229.70395129334085
2,100,2000,100,34,10,rep2_k100_lambda2000_mu100,,,212.0509773055676,8.670318313030242,-0.02581456968881958,254.01609914262022
3,20,2000,100,34,10,rep3_k20_lambda2000_mu100,,,211.59938167550294,11.750313135035142,-0.060980933199235164,248.86682514236574
4,3,10000,100,34,10,rep4_k3_lambda10000_mu100,,,226.5365449113956,8.727208554537263,0.34809672552301363,252.31199179664353
4,20,50,100,34,10,rep4_k20_lambda50_mu100,,,167.36956328625308,17.723518759401852,-0.16157679143132686,214.19114108744114
4,100,2000,100,34,10,rep4_k100_lambda2000_mu100,,,211.16082694117375,7.863671602080755,-0.026495856781210005,249.12247155328757
5,20,2000,100,34,10,rep5_k20_lambda2000_mu100,,,211.23326158014646,10.606347408167675,-0.12735973168465173,241.01072588408377
6,5,50,100,34,10,rep6_k5_lambda50_mu100,,,181.66508242876716,19.309013826753276,-0.9952919911186711,197.17534454844966
6,30,30,100,34,10,rep6_k30_lambda30_mu100,,,161.92613175064292,15.515765599632072,-0.08097096786424121,213.98324749281605
7,5,50,100,34,10,rep7_k5_lambda50_mu100,,,157.91971298071604,3.680674071922027,0.5341200515838642,181.8481691882612
7,30,30,100,34,10,rep7_k30_lambda30_mu100,,,161.2253994779746,13.47994831543302,0.09435032537304745,227.96098068435623
8,5,2000,100,34,10,rep8_k5_lambda2000_mu100,,,212.52988101349737,10.99767690293734,-0.003391140969828182,236.489347998521
8,30,30,100,34,10,rep8_k30_lambda30_mu100,,,162.06692710250394,14.13491044262885,-0.03272159473254974,214.44275913715362
9,5,2000,100,34,10,rep9_k5_lambda2000_mu100,,,202.41284976435756,2.021811771529926,0.7416815721590249,231.2725845364003
9,30,30,100,34,10,rep9_k30_lambda30_mu100,,,161.9558519865324,17.81443279088671,-0.08369412598139894,221.3684675429289
10,10,200,100,34,10,rep10_k10_lambda200_mu100,,,191.50896052536788,6.888758074394794,-0.3677420918762307,203.10042157988957
10,30,10000,100,34,10,rep10_k30_lambda10000_mu100,,,224.9462539828798,7.90851361896083,-0.1373162842622879,248.67777711324416
1,10,50,20,6.8,10,rep1_k10_lambda50_mu20,,,33.72369979099497,1.8589312459263616,0.11448062810367528,40.33392300791718
1,30,2000,20,6.8,10,rep1_k30_lambda2000_mu20,,,42.477809583517356,2.303694487252799,-0.3241996129252381,47.469347423398425
2,10,2000,20,6.8,10,rep2_k10_lambda2000_mu20,,,43.428948839665594,2.3385661894378744,-0.5095448994266079,46.762936835145126
2,100,30,20,6.8,10,rep2_k100_lambda30_mu20,,,32.38528000145816,3.299090473409016,-0.2116979339566253,42.59598715105894
3,20,200,20,6.8,10,rep3_k20_lambda200_mu20,,,37.4295878275299,1.910121774478441,0.04879016607585261,44.96091034012577
3,100,10000,20,6.8,10,rep3_k100_lambda10000_mu20,,,45.49179666986151,1.7798918607254781,-0.10431225766649915,52.529296119187045
4,20,200,20,6.8,10,rep4_k20_lambda200_mu20,,,37.73327355930345,2.562823703999174,-0.036501185011436336,46.249177175603116
4,100,10000,20,6.8,10,rep4_k100_lambda10000_mu20,,,45.391773887146314,1.6810451513392501,-0.04038211632168981,53.21181828793765
5,20,10000,20,6.8,10,rep5_k20_lambda10000_mu20,,,45.91144642077623,2.48873903695885,-0.1665382538017505,52.43613370074979
6,5,30,20,6.8,10,rep6_k5_lambda30_mu20,,,33.04243599997224,2.1783182997672736,0.0022380256758090383,37.82743937971015
6,30,50,20,6.8,10,rep6_k30_lambda50_mu20,,,34.49733291392832,3.2615906918010067,-0.2912250720590795,41.96852521246101
7,10,50,20,6.8,10,rep7_k10_lambda50_mu20,,,34.629636253873876,2.9671382573545535,-0.013129302344836244,42.98635486160927
7,30,2000,20,6.8,10,rep7_k30_lambda2000_mu20,,,42.78672374613407,1.6479256480661781,-0.40946852323332195,45.92482220014599
8,20,30,20,6.8,10,rep8_k20_lambda30_mu20,,,31.834238397591307,3.943745734418105,-0.21095155100205779,41.42657888577418
8,100,200,20,6.8,10,rep8_k100_lambda200_mu20,,,37.601391804797494,2.553584707417909,-0.04112717346838964,49.441620356536895
9,20,10000,20,6.8,10,rep9_k20_lambda10000_mu20,,,44.984463892539694,1.5376372056392489,-0.08624045471596765,49.63600205675279
10,5,30,20,6.8,10,rep10_k5_lambda30_mu20,,,30.317036872337514,2.24788118376695,0.9274608507082691,101.90162994357829
10,20,10000,20,6.8,10,rep10_k20_lambda10000_mu20,,,45.42466791513066,1.7162433862782576,-0.045440591138442815,51.02801821221516
1,5,200,50,17,10,rep1_k5_lambda200_mu50,,,94.17299446295172,3.827430706714807,0.35788472896827334,110.03766123168114
1,20,10000,50,17,10,rep1_k20_lambda10000_mu50,,,113.37337088748296,3.8545305606964497,-0.32131660587151495,121.27675990405258
2,3,50,50,17,10,rep2_k3_lambda50_mu50,,,89.64040241093531,12.06252148408324,-0.9996060801236172,97.68159343775531
2,30,50,50,17,10,rep2_k30_lambda50_mu50,,,83.84439326380664,6.476224075798429,-0.05423914164542891,106.81427201920735
3,5,200,50,17,10,rep3_k5_lambda200_mu50,,,93.58493446791445,4.714096355532761,-0.5844450529436744,98.84712901106883
3,20,10000,50,17,10,rep3_k20_lambda10000_mu50,,,114.02796969320438,4.095231984709977,0.12849450883776298,133.31705207221233
4,5,30,50,17,10,rep4_k5_lambda30_mu50,,,83.6772028645778,7.060630303043205,-0.9820605095866078,89.39725569450586
4,20,200,50,17,10,rep4_k20_lambda200_mu50,,,92.97397849017194,6.827363638723289,-0.01927889022040694,116.43335549215261
4,100,10000,50,17,10,rep4_k100_lambda10000_mu50,,,112.50931504509317,4.674966480535438,0.02213355147614044,138.27166294528013
5,20,200,50,17,10,rep5_k20_lambda200_mu50,,,96.53204214645923,5.639529151450719,-0.5663801682688875,104.86389272074379
5,100,10000,50,17,10,rep5_k100_lambda10000_mu50,,,113.07868455390505,3.7057277040876286,-0.05041674619049421,129.8383945533952
6,20,10000,50,17,10,rep6_k20_lambda10000_mu50,,,113.26215309855873,3.7753146968124347,0.030274030565794335,127.60778406057075
7,5,30,50,17,10,rep7_k5_lambda30_mu50,,,81.40051693830542,4.728039905892485,-0.18113944255892384,89.48643919638607
7,20,10000,50,17,10,rep7_k20_lambda10000_mu50,,,112.86744930471924,4.446259647513344,-0.21205502962104847,123.66176391545994
8,5,200,50,17,10,rep8_k5_lambda200_mu50,,,92.73122187799824,5.050609582238997,-0.009348817883827305,103.6300321693909
8,30,50,50,17,10,rep8_k30_lambda50_mu50,,,86.35729997964293,8.91166916269229,-0.2393834808042201,108.59629507053172
9,3,2000,50,17,10,rep9_k3_lambda2000_mu50,,,111.1541292399016,6.4543718878363485,0.22062334967491537,126.26375389676639
9,30,50,50,17,10,rep9_k30_lambda50_mu50,,,88.99778452833444,7.9633509775023255,-0.4247876573968403,103.82940584330358
10,5,10000,50,17,10,rep10_k5_lambda10000_mu50,,,113.02036884641258,1.676040828182655,0.5574435991717998,124.81038381094133
10,30,50,50,17,10,rep10_k30_lambda50_mu50,,,84.17198613137887,4.907641164601377,0.09052655003004842,108.22087819099893
1,5,10000,100,34,10,rep1_k5_lambda10000_mu100,,,230.5904381274126,2.407572574858481,0.024397054653346635,236.05656305993801
1,30,50,100,34,10,rep1_k30_lambda50_mu100,,,169.8076498883473,14.372152600531715,-0.006521544144243261,226.17941983933684
2,5,200,100,34,10,rep2_k5_lambda200_mu100,,,194.49937557413134,5.725495471021895,-0.044581262417841445,206.26192376519145
2,30,50,100,34,10,rep2_k30_lambda50_mu100,,,173.37994775148636,12.33380078018879,-0.3276510217351213,199.99826360053459
3,10,2000,100,34,10,rep3_k10_lambda2000_mu100,,,211.1641153559245,8.620789846719846,-0.18537017000071943,229.7215388378671
3,100,30,100,34,10,rep3_k100_lambda30_mu100,,,160.58553296539492,15.600180732253245,-0.10830267364513983,221.615801589298
4,20,30,100,34,10,rep4_k20_lambda30_mu100,,,159.49568651699087,16.212867157728706,-0.28419030843901094,194.6404955400184
4,100,200,100,34,10,rep4_k100_lambda200_mu100,,,187.82368124866028,12.662679035604269,-0.1587366329298409,231.89108050045925
5,20,30,100,34,10,rep5_k20_lambda30_mu100,,,158.7017314565794,16.074097471169477,-0.08720255648386376,207.26240544215426
5,100,200,100,34,10,rep5_k100_lambda200_mu100,,,186.93455019752727,11.552131063476685,-0.057794310964622814,238.29579526183505
6,20,200,100,34,10,rep6_k20_lambda200_mu100,,,190.55619169188603,12.866892281434504,-0.2949186515667799,218.01241761430626
6,100,10000,100,34,10,rep6_k100_lambda10000_mu100,,,225.7747446003083,7.644384167675936,0.021562889650551992,267.82533975898764
7,20,30,100,34,10,rep7_k20_lambda30_mu100,,,164.89883341312233,18.00031853527614,-0.31348609988778975,202.24728599353236
7,100,200,100,34,10,rep7_k100_lambda200_mu100,,,185.68306458083808,14.21419641563731,-0.14305638150713607,236.9432273183302
8,20,30,100,34,10,rep8_k20_lambda30_mu100,,,160.37070181258918,9.332884744066055,0.2871062000584389,226.10802351232644
8,100,200,100,34,10,rep8_k100_lambda200_mu100,,,186.25930692513964,10.470980969535033,-0.09097228770698977,229.06979681279208
9,10,2000,100,34,10,rep9_k10_lambda2000_mu100,,,209.40124129414534,7.939866370472997,-0.14613912048027158,227.48255899557861
9,100,30,100,34,10,rep9_k100_lambda30_mu100,,,162.66479206049382,15.405301969746017,-0.22520522854355218,208.93852128325446
10,20,200,100,34,10,rep10_k20_lambda200_mu100,,,183.86482911998618,12.04804207223667,-0.20849546028656574,213.36000352677607
10,100,10000,100,34,10,rep10_k100_lambda10000_mu100,,,226.9417371393827,8.850669257455088,-0.14412366857106793,258.80793734489356
1,10,10000,20,6.8,10,rep1_k10_lambda10000_mu20,,,45.56922690268269,1.4320523136862466,0.39464425629112476,55.22250903256119
1,100,50,20,6.8,10,rep1_k100_lambda50_mu20,,,34.50261978351552,3.0400219154095685,-0.2970345990793451,42.39338260734226
2,20,2000,20,6.8,10,rep2_k20_lambda2000_mu20,,,44.180083207588574,2.306214648040993,-0.4274044562786619,48.246589598801556
3,3,30,20,6.8,10,rep3_k3_lambda30_mu20,,,35.27289342849343,0.3523068917175069,0.05777012758650533,35.91178289312411
3,20,2000,20,6.8,10,rep3_k20_lambda2000_mu20,,,42.53650605593419,1.2761841848138398,0.026696921980177545,47.349883643914644
4,10,30,20,6.8,10,rep4_k10_lambda30_mu20,,,33.366931981520395,3.066244820338177,-0.4603021341629675,37.983640909326425
4,30,10000,20,6.8,10,rep4_k30_lambda10000_mu20,,,45.64493060961138,1.745814481024211,-0.5133544824215827,48.51889867195462
5,20,2000,20,6.8,10,rep5_k20_lambda2000_mu20,,,41.90773024312978,1.8137566225162476,-0.2560102101923148,46.01372587355102
6,5,50,20,6.8,10,rep6_k5_lambda50_mu20,,,32.083236423262136,1.2292505793296857,0.6145636458428363,42.38044915320908
6,20,2000,20,6.8,10,rep6_k20_lambda2000_mu20,,,41.99139657311971,2.0646581738358747,-0.12893121655450507,47.77554623127266
7,3,200,20,6.8,10,rep7_k3_lambda200_mu20,,,38.38051381911998,1.592912849428942,-0.22107643503478064,40.435203381696674
7,20,2000,20,6.8,10,rep7_k20_lambda2000_mu20,,,42.476483721696034,1.7788281480562342,-0.12033089082507027,47.5350476384193
8,5,50,20,6.8,10,rep8_k5_lambda50_mu20,,,36.59256487761289,2.554764743281595,-0.2147428285231204,40.79766603990216
8,30,200,20,6.8,10,rep8_k30_lambda200_mu20,,,37.61509417088342,2.4247235640596756,-0.16812321586722592,44.48779569842657
9,10,200,20,6.8,10,rep9_k10_lambda200_mu20,,,38.02032619426307,1.4101657870543893,0.08428952910885343,42.741845797938865
9,30,10000,20,6.8,10,rep9_k30_lambda10000_mu20,,,45.70856291524013,2.0711326066500466,-0.12465023727129067,52.08628652725197
10,10,10000,20,6.8,10,rep10_k10_lambda10000_mu20,,,44.81941618195002,1.5906889369001687,-0.08120750399870445,48.818491941638186
10,100,50,20,6.8,10,rep10_k100_lambda50_mu20,,,34.57250868465535,3.263187686624441,-0.20517923498455135,44.815225848503935
1,10,10000,50,17,10,rep1_k10_lambda10000_mu50,,,113.03576603463071,3.457673177378962,-0.006983171554691594,122.8767716448011
1,100,50,50,17,10,rep1_k100_lambda50_mu50,,,85.78754272141457,6.797166410939814,-0.03187221008386041,118.11453387997588
2,20,50,50,17,10,rep2_k20_lambda50_mu50,,,83.85408746440388,9.462315126765887,-0.024487774488289954,116.01521674824119
2,100,2000,50,17,10,rep2_k100_lambda2000_mu50,,,105.15804621693363,4.57076107364968,-0.041368104832083946,126.33773420535861
3,30,30,50,17,10,rep3_k30_lambda30_mu50,,,78.2804828883254,8.50930070405378,-0.046034000129314044,108.93140134577493
4,5,2000,50,17,10,rep4_k5_lambda2000_mu50,,,102.80077452612008,3.2426497844503746,0.4062765909640572,117.89289283408577
4,30,30,50,17,10,rep4_k30_lambda30_mu50,,,79.6981808202821,7.128321150844582,0.10312268055053836,115.68816708065897
5,10,200,50,17,10,rep5_k10_lambda200_mu50,,,97.13174193671887,4.634468415569788,0.154280889424362,114.94271231186084
5,30,10000,50,17,10,rep5_k30_lambda10000_mu50,,,113.41982129945107,3.7688200376679215,0.13416670187210794,134.01046207204104
6,20,50,50,17,10,rep6_k20_lambda50_mu50,,,80.65506332456293,7.343098311264326,0.1358057041270783,115.86547382776747
6,100,2000,50,17,10,rep6_k100_lambda2000_mu50,,,104.8234984743982,3.8595030181679597,0.10450576978815351,131.96099165129584
7,20,2000,50,17,10,rep7_k20_lambda2000_mu50,,,104.8892682871634,3.7579602018139906,0.16297263113773136,124.05705309482829
8,10,30,50,17,10,rep8_k10_lambda30_mu50,,,80.1776756414871,8.282229731845117,0.08755347509266528,108.15639767962485
8,30,200,50,17,10,rep8_k30_lambda200_mu50,,,94.36364642125713,5.797632812162169,0.07355762756642545,121.6388085466515
9,10,200,50,17,10,rep9_k10_lambda200_mu50,,,92.34292052986815,3.454087330427812,0.05049209413051903,103.21880656392011
9,30,10000,50,17,10,rep9_k30_lambda10000_mu50,,,113.96141316086654,3.2009939893254202,0.013683627417402132,127.08542176100636
10,10,10000,50,17,10,rep10_k10_lambda10000_mu50,,,113.34787097038536,4.997039938598109,-0.023912935403294082,127.14025002453975
10,100,50,50,17,10,rep10_k100_lambda50_mu50,,,85.26882933228238,6.838410692540292,-0.13011148787649232,110.72648738272744
1,20,50,100,34,10,rep1_k20_lambda50_mu100,,,174.04515303201148,14.827206137265179,-0.016888349620624615,225.25210412563004
1,100,2000,100,34,10,rep1_k100_lambda2000_mu100,,,211.16623404655064,10.2408293199931,-0.06202551146040103,256.2068575564989
2,20,2000,100,34,10,rep2_k20_lambda2000_mu100,,,213.46018104865425,7.36059066240679,0.13956711231242822,249.034742331148
3,3,200,100,34,10,rep3_k3_lambda200_mu100,,,198.1768994084391,5.600609642566143,0.059225721338172485,208.33598481371322
3,30,30,100,34,10,rep3_k30_lambda30_mu100,,,161.38889497330655,15.365768602843191,-0.12464803646384269,208.74464999422312
4,5,50,100,34,10,rep4_k5_lambda50_mu100,,,168.63467591631013,15.702913008729258,0.36612889946702004,235.47822185929036
4,20,2000,100,34,10,rep4_k20_lambda2000_mu100,,,212.24780774156983,11.236738791249659,-0.07020138866681018,247.3089708460944
5,5,50,100,34,10,rep5_k5_lambda50_mu100,,,168.0757835939575,10.679947663798918,-0.3415168004371111,183.28396172386354
5,30,30,100,34,10,rep5_k30_lambda30_mu100,,,161.89940949867085,12.670607182244746,0.03997980437036226,217.0506788423526
6,10,30,100,34,10,rep6_k10_lambda30_mu100,,,170.13271805414854,20.859400708897205,-0.6002005666320552,197.0967917075134
6,30,200,100,34,10,rep6_k30_lambda200_mu100,,,186.1496854030989,10.835135945027751,0.10475294276471972,241.09463347063112
7,10,30,100,34,10,rep7_k10_lambda30_mu100,,,158.65404906896492,13.460294641496832,-0.16007876027228374,188.63322551386565
7,30,200,100,34,10,rep7_k30_lambda200_mu100,,,189.0192682228072,10.727090521431112,-0.360593849103487,210.99462224727773
8,10,30,100,34,10,rep8_k10_lambda30_mu100,,,172.15309576509497,15.86073337017829,-0.2809795534628881,201.97006960503273
8,30,200,100,34,10,rep8_k30_lambda200_mu100,,,190.64513257863695,10.714891659802895,-0.09935085209583712,225.29704977321387
9,10,30,100,34,10,rep9_k10_lambda30_mu100,,,162.26673344723915,10.484294167034614,-0.2830220769287913,181.95012070609073
9,30,200,100,34,10,rep9_k30_lambda200_mu100,,,187.29895675321978,14.37499678114428,-0.05252621994959752,238.50162401806466
10,10,10000,100,34,10,rep10_k10_lambda10000_mu100,,,226.7888168287559,4.862237916244098,0.06978083956378346,242.6961374823587
10,100,50,100,34,10,rep10_k100_lambda50_mu100,,,168.39683809804777,13.889926770264635,-0.04094938613764519,232.88839560936123
1,10,2000,20,6.8,10,rep1_k10_lambda2000_mu20,,,43.1478638879855,1.7371424285806538,-0.08042288051155674,47.53332780453847
1,100,30,20,6.8,10,rep1_k100_lambda30_mu20,,,32.43188967223434,2.5981431112654643,-0.09288056346066152,43.00712208041736
2,20,30,20,6.8,10,rep2_k20_lambda30_mu20,,,32.85004130704065,2.076628575656775,0.14052365854523136,42.91725165458538
2,100,200,20,6.8,10,rep2_k100_lambda200_mu20,,,37.489279282789475,2.1005644695756027,-0.20759649489526946,44.04364556835515
3,20,10000,20,6.8,10,rep3_k20_lambda10000_mu20,,,45.1973479692252,1.8673988502571317,0.06862262176553191,52.89530631120538
4,5,200,20,6.8,10,rep4_k5_lambda200_mu20,,,38.48926321620718,1.4540138164548815,0.07601117535367827,42.05416385087806
4,20,10000,20,6.8,10,rep4_k20_lambda10000_mu20,,,46.24506308689217,1.468247507262435,-0.09945953782615403,50.58016695554796
5,5,30,20,6.8,10,rep5_k5_lambda30_mu20,,,30.77153120421295,1.5941788814961655,-0.020471137844743012,34.154131190285575
5,30,50,20,6.8,10,rep5_k30_lambda50_mu20,,,35.10135498646727,3.0111895489279594,-0.33804295818600255,41.49041730119989
6,10,50,20,6.8,10,rep6_k10_lambda50_mu20,,,35.877449661985025,3.1439153257340267,-0.12137798245087804,43.31472669665627
6,30,2000,20,6.8,10,rep6_k30_lambda2000_mu20,,,42.822798874773696,2.3317400223137,-0.19642318945977194,49.0968507183234
7,10,2000,20,6.8,10,rep7_k10_lambda2000_mu20,,,42.090033370921574,1.1975204713484122,0.4355853847305228,51.15785179664941
7,100,30,20,6.8,10,rep7_k100_lambda30_mu20,,,32.63301252161995,3.5276533364231217,-0.19493325870507944,43.95105274478249
8,20,200,20,6.8,10,rep8_k20_lambda200_mu20,,,37.096480766422104,2.752823468560363,-0.1969034066249342,43.94878624418753
8,100,10000,20,6.8,10,rep8_k100_lambda10000_mu20,,,45.72521513894928,1.9732861240193194,-0.14617820026326822,52.79145011425647
9,30,50,20,6.8,10,rep9_k30_lambda50_mu20,,,33.54262096613624,3.446152321307068,-0.002927865805873329,47.169481217378625
10,5,10000,20,6.8,10,rep10_k5_lambda10000_mu20,,,45.88078203114634,0.5737138891309425,0.07296059548358529,47.27849221671811
10,30,50,20,6.8,10,rep10_k30_lambda50_mu20,,,34.51418580091781,3.311823321344029,-0.33065832915078625,41.6223526687355
1,5,10000,50,17,10,rep1_k5_lambda10000_mu50,,,112.66242927604904,4.810416026221314,-0.12851747130319177,121.47804393307406
1,30,50,50,17,10,rep1_k30_lambda50_mu50,,,85.68610687060067,6.686798103427156,-0.18288190358013476,104.12509354273195
2,5,10000,50,17,10,rep2_k5_lambda10000_mu50,,,112.34767060609306,4.098100565103117,0.11139453918436196,123.01940472473039
2,30,2000,50,17,10,rep2_k30_lambda2000_mu50,,,105.5240997732021,4.614867463019292,-0.03372431620161011,122.60593774686649
3,5,10000,50,17,10,rep3_k5_lambda10000_mu50,,,110.69784655394497,2.1083798895646884,0.3952072507390084,120.23696159186767
3,30,50,50,17,10,rep3_k30_lambda50_mu50,,,88.10674421966301,7.963993185759652,-0.47637923563043205,101.89822682382749
4,5,200,50,17,10,rep4_k5_lambda200_mu50,,,95.25175716315503,2.1429650288236353,0.11547786786763584,100.86165228574366
4,20,10000,50,17,10,rep4_k20_lambda10000_mu50,,,115.01380882482412,5.339992869021133,-0.15402272368584957,129.3321865221723
5,5,200,50,17,10,rep5_k5_lambda200_mu50,,,93.58892530210933,7.965551983736294,-0.9997301529629409,99.96237684942537
5,20,10000,50,17,10,rep5_k20_lambda10000_mu50,,,113.50758176000866,3.2236166319360384,0.1166881427217965,128.29849955836457
6,5,10000,50,17,10,rep6_k5_lambda10000_mu50,,,108.70735128247024,1.8533426019000712,0.1375801153987356,113.72149105758062
6,30,50,50,17,10,rep6_k30_lambda50_mu50,,,86.78975008428857,4.803935250918654,-0.27003598205102525,98.16477791797963
7,5,10000,50,17,10,rep7_k5_lambda10000_mu50,,,113.83789647221631,0.7708781128077846,-0.08303465345665904,115.33717378031355
7,30,50,50,17,10,rep7_k30_lambda50_mu50,,,86.44154704551003,7.8881574615801,-0.4671303681830684,100.28346954439839
8,10,50,50,17,10,rep8_k10_lambda50_mu50,,,86.43844426491151,6.912286565593243,-0.03844206792764111,105.12379114180133
8,30,2000,50,17,10,rep8_k30_lambda2000_mu50,,,106.8960950842681,4.087436818979689,-0.042061112616296185,121.71928635092189
9,10,50,50,17,10,rep9_k10_lambda50_mu50,,,85.57297723468,3.035610254642982,0.8511620824735087,218.53140663826375
9,30,2000,50,17,10,rep9_k30_lambda2000_mu50,,,105.9024618298217,4.075433819020039,0.1142443258675507,127.0860129199524
10,10,50,50,17,10,rep10_k10_lambda50_mu50,,,89.4471949465451,7.819561998438171,-0.40027613282740976,102.09810275241779
10,30,2000,50,17,10,rep10_k30_lambda2000_mu50,,,104.28313625014708,4.1008993839641015,0.08776727280030772,124.23126629085962
1,10,50,100,34,10,rep1_k10_lambda50_mu100,,,167.54024751705703,14.809416884600086,-0.18219402450042257,199.5052678400532
1,30,2000,100,34,10,rep1_k30_lambda2000_mu100,,,213.49960306655038,10.821631449170486,-0.11302022363618931,247.56835500414925
2,10,50,100,34,10,rep2_k10_lambda50_mu100,,,165.90667730157202,8.15832222517439,0.38747211032952467,220.61816810804112
2,30,2000,100,34,10,rep2_k30_lambda2000_mu100,,,211.79073368608576,8.363326450041415,-0.1530402947099479,236.17057091674593
3,20,30,100,34,10,rep3_k20_lambda30_mu100,,,161.75446093550764,13.995946897201508,0.05617068910524327,217.94553299567966
3,100,200,100,34,10,rep3_k100_lambda200_mu100,,,186.81257705448243,11.407533910564819,-0.2050085337698015,222.59302957305792
4,20,200,100,34,10,rep4_k20_lambda200_mu100,,,185.46702625098246,7.8231684606639345,0.8147187445564439,693.9104702750237
4,100,10000,100,34,10,rep4_k100_lambda10000_mu100,,,228.86532275204235,9.320366744203344,-0.06391019063482367,269.67193327072783
5,20,200,100,34,10,rep5_k20_lambda200_mu100,,,185.37720145184545,8.89933684483657,-0.2362205117564066,206.16793915193693
5,100,10000,100,34,10,rep5_k100_lambda10000_mu100,,,227.45113605555423,8.721068516448177,-0.0035880226768214827,272.1979854278885
6,20,10000,100,34,10,rep6_k20_lambda10000_mu100,,,230.32017352641472,8.978118859817183,-0.32331034240119993,248.67047361522907
7,5,30,100,34,10,rep7_k5_lambda30_mu100,,,162.0548342197233,15.70342798648049,-0.2755314829843433,186.07675967244228
7,20,200,100,34,10,rep7_k20_lambda200_mu100,,,188.1038560146857,10.87624797162636,-0.04384329328711658,223.76098659491672
7,100,10000,100,34,10,rep7_k100_lambda10000_mu100,,,228.578236464844,7.7624547099828565,-0.05860427173297704,262.9788019174507
8,20,200,100,34,10,rep8_k20_lambda200_mu100,,,180.55768358555736,11.346822657824163,0.13466155803458188,234.87951401615328
8,100,10000,100,34,10,rep8_k100_lambda10000_mu100,,,227.24084289428507,8.469004602506578,-0.15895339808015674,256.68359322547917
9,20,30,100,34,10,rep9_k20_lambda30_mu100,,,164.3459454707542,11.906455045885606,-0.1894920467261412,194.40035292756633
9,100,200,100,34,10,rep9_k100_lambda200_mu100,,,187.60299405204236,12.191532516756517,-0.038464736492821894,244.5754961966942
10,20,10000,100,34,10,rep10_k20_lambda10000_mu100,,,224.51585945383783,8.105530727761288,-0.18259627283879812,245.21901039450708
1,20,50,20,6.8,10,rep1_k20_lambda50_mu20,,,35.02614661991729,2.84600616083484,-0.34056817514882876,40.69059251629669
1,100,2000,20,6.8,10,rep1_k100_lambda2000_mu20,,,42.56774017850491,1.8694329662144744,-0.11076880686330638,49.84841378761246
2,30,30,20,6.8,10,rep2_k30_lambda30_mu20,,,32.85645829802561,3.339073086636926,-0.3734448245277058,39.569713920020334
3,5,50,20,6.8,10,rep3_k5_lambda50_mu20,,,33.032382694904356,3.692416427753547,0.12898489044356187,42.9398688561385
3,30,30,20,6.8,10,rep3_k30_lambda30_mu20,,,32.709667084771624,2.6758567209893056,-0.1281905672906807,40.88182719021273
4,10,200,20,6.8,10,rep4_k10_lambda200_mu20,,,37.30058066513034,1.671903145603575,-0.4007254654338896,40.00168094897856
4,100,50,20,6.8,10,rep4_k100_lambda50_mu20,,,34.60475326716992,2.9689613273825404,-0.3227144340029169,41.94433474880469
5,30,30,20,6.8,10,rep5_k30_lambda30_mu20,,,33.54483793265335,2.664465127227522,-0.08264524071655611,42.45298686448743
6,5,2000,20,6.8,10,rep6_k5_lambda2000_mu20,,,42.08816711788405,1.9333824805620805,0.4357674267514052,51.7304078051434
6,30,30,20,6.8,10,rep6_k30_lambda30_mu20,,,33.03280089647681,2.803985096605461,-0.013145215967653029,43.86271840462591
7,5,50,20,6.8,10,rep7_k5_lambda50_mu20,,,34.98587255019824,1.5044098860738295,0.41327888030397814,42.129469889661245
7,30,30,20,6.8,10,rep7_k30_lambda30_mu20,,,33.023874999504294,2.4355563428830065,-0.27589775141795003,38.74329352214884
8,10,30,20,6.8,10,rep8_k10_lambda30_mu20,,,31.860748808571874,3.0674229287275887,-0.6732593085461168,35.541108490325854
8,30,10000,20,6.8,10,rep8_k30_lambda10000_mu20,,,44.91750493618417,1.5790015400104134,0.0575556010711529,52.08884383979371
9,10,10000,20,6.8,10,rep9_k10_lambda10000_mu20,,,44.73544185313061,0.9420618912495744,0.5891050224229164,56.457837682544806
9,100,50,20,6.8,10,rep9_k100_lambda50_mu20,,,33.75773984195871,3.0873875542005655,-0.11189932521347322,45.74981396794621
10,20,50,20,6.8,10,rep10_k20_lambda50_mu20,,,34.00584319722424,2.8207917446714066,-0.23580321558682601,40.6003738370031
10,100,2000,20,6.8,10,rep10_k100_lambda2000_mu20,,,42.706555781953725,1.9224231904184126,-0.11970220069139621,50.03344240430315
1,20,50,50,17,10,rep1_k20_lambda50_mu50,,,83.62255511852064,6.801853776626032,-0.159773185686191,101.68910673897022
1,100,2000,50,17,10,rep1_k100_lambda2000_mu50,,,107.07378766284391,5.2185294849259005,-0.13906728467115195,126.06328174606001
2,20,2000,50,17,10,rep2_k20_lambda2000_mu50,,,106.01532192589532,5.009713040612387,-0.29751897005473743,116.63998860347036
3,5,50,50,17,10,rep3_k5_lambda50_mu50,,,79.92580340674232,5.613488942712327,0.01344219126719575,92.43417404549628
3,30,200,50,17,10,rep3_k30_lambda200_mu50,,,92.94445926103016,5.3145976840910825,-0.006168089286650942,113.77797164207615
4,10,30,50,17,10,rep4_k10_lambda30_mu50,,,72.83266094865476,6.1771608794338775,0.3196895878791304,107.11694637915706
4,30,200,50,17,10,rep4_k30_lambda200_mu50,,,93.19828198907923,4.886251440238411,0.02957775994116046,113.98792617244922
5,10,10000,50,17,10,rep5_k10_lambda10000_mu50,,,114.9372990672631,2.474027979470847,0.40054152294893536,131.98007620639754
5,100,50,50,17,10,rep5_k100_lambda50_mu50,,,86.27318700814783,7.9794745785621375,-0.1308816438375212,115.85105287016015
6,20,2000,50,17,10,rep6_k20_lambda2000_mu50,,,105.12765589807368,5.283107312174287,-0.17621223126122249,118.74807248833653
7,5,2000,50,17,10,rep7_k5_lambda2000_mu50,,,104.88801951221977,4.628270660106178,0.5808281433223097,140.81357478485765
7,30,30,50,17,10,rep7_k30_lambda30_mu50,,,83.2041740127997,8.754216547618562,-0.0883147243045712,112.16825194056256
8,10,200,50,17,10,rep8_k10_lambda200_mu50,,,96.19171883533453,6.63264474932353,-0.052753924678493436,113.67047467188333
8,30,10000,50,17,10,rep8_k30_lambda10000_mu50,,,111.31564057041919,3.9461210614153495,-0.18497482538059049,122.17098914266539
9,10,10000,50,17,10,rep9_k10_lambda10000_mu50,,,112.31005159840464,1.2447315600307058,0.470221522263453,122.79920840279763
9,100,50,50,17,10,rep9_k100_lambda50_mu50,,,85.42734688125488,7.409023026921086,-0.2558530177455523,106.31012552746138
10,20,50,50,17,10,rep10_k20_lambda50_mu50,,,85.01432418786528,6.6819648697487315,-0.20621737431742887,101.39885760393419
10,100,2000,50,17,10,rep10_k100_lambda2000_mu50,,,106.58535189642075,4.745090065739669,-0.12243648370012283,124.55536621500262
1,20,2000,100,34,10,rep1_k20_lambda2000_mu100,,,214.537507610368,8.618516164147902,-0.4277850314977732,229.72837263169367
2,5,2000,100,34,10,rep2_k5_lambda2000_mu100,,,205.39572848023772,3.306436766917731,0.3846976614610618,220.17178833145476
2,30,30,100,34,10,rep2_k30_lambda30_mu100,,,158.62503061067596,13.151939740892617,0.03489026105720684,215.09760677167324
3,10,30,100,34,10,rep3_k10_lambda30_mu100,,,167.79218034119828,16.154791892548417,-0.2565729154600647,199.20996875463527
3,30,200,100,34,10,rep3_k30_lambda200_mu100,,,188.35047815757272,10.426028307903207,0.09706811452576981,240.18935456894658
4,5,2000,100,34,10,rep4_k5_lambda2000_mu100,,,215.56190941074985,9.712616128584441,-0.5436230533339295,226.81149210195161
4,30,30,100,34,10,rep4_k30_lambda30_mu100,,,161.07240434599953,15.366585256730215,-0.08844903877507967,211.86084947767978
5,5,2000,100,34,10,rep5_k5_lambda2000_mu100,,,208.7331204843781,7.873475994475806,-0.19743930608119414,221.93448378276705
5,30,200,100,34,10,rep5_k30_lambda200_mu100,,,188.86714270001133,11.667844307168693,0.04734493631896021,240.38092532845022
6,10,200,100,34,10,rep6_k10_lambda200_mu100,,,192.7055234597362,11.03174582236704,-0.4333979215939951,209.85192333074573
6,30,10000,100,34,10,rep6_k30_lambda10000_mu100,,,227.18013007222032,8.70521927763691,0.03760614086501019,264.8816355407525
7,10,200,100,34,10,rep7_k10_lambda200_mu100,,,182.85966511621393,11.147648936625405,-0.14379659261197672,208.33640533114098
7,30,10000,100,34,10,rep7_k30_lambda10000_mu100,,,227.17443700100029,5.531190722365169,0.14262620788452102,258.00530932423914
8,10,200,100,34,10,rep8_k10_lambda200_mu100,,,188.4710428439086,7.762636990049587,0.1896098216278477,220.45867992333638
8,30,10000,100,34,10,rep8_k30_lambda10000_mu100,,,221.56684135634902,7.002807969515737,0.08031061910277985,255.04153555104196
9,10,200,100,34,10,rep9_k10_lambda200_mu100,,,183.86212625200204,6.240923920905393,0.17052825444546799,208.7353933329959
9,30,10000,100,34,10,rep9_k30_lambda10000_mu100,,,225.64290549080462,7.125212415046897,-0.004354720959415886,253.7127644754055
10,20,50,100,34,10,rep10_k20_lambda50_mu100,,,172.09110973646108,11.185944044024142,-0.420452531955426,192.00393169713965
10,100,2000,100,34,10,rep10_k100_lambda2000_mu100,,,210.35673045611446,9.329537590383628,0.02667409352388878,262.4112871474723
1,20,30,20,6.8,10,rep1_k20_lambda30_mu20,,,32.160255064225794,3.1042793055561275,-0.06923489367100102,41.86315529635177
1,100,200,20,6.8,10,rep1_k100_lambda200_mu20,,,37.71999098266073,2.445744224841042,-0.06440247451864232,48.41740089405122
2,20,200,20,6.8,10,rep2_k20_lambda200_mu20,,,37.5493983473073,1.9072209927726247,-0.1313818668620533,42.8570566721432
2,100,10000,20,6.8,10,rep2_k100_lambda10000_mu20,,,45.48074568271927,1.6279065106227069,-0.06532994324928773,52.57434470282903
3,30,50,20,6.8,10,rep3_k30_lambda50_mu20,,,34.23399570829885,3.143966779323176,-0.3641531152377395,40.63807501702237
4,5,10000,20,6.8,10,rep4_k5_lambda10000_mu20,,,45.63349447111227,1.2803967094857476,-0.6356205675804926,46.99527628286426
4,30,50,20,6.8,10,rep4_k30_lambda50_mu20,,,34.08695513153088,3.140434115050818,-0.1878883060267347,42.66893016378043
5,5,200,20,6.8,10,rep5_k5_lambda200_mu20,,,37.4079480743231,2.724232912044318,0.05851736078008396,43.9255756266151
5,30,2000,20,6.8,10,rep5_k30_lambda2000_mu20,,,42.3548915603571,1.6567656491240437,-0.13644354612653412,47.33948500329732
6,10,2000,20,6.8,10,rep6_k10_lambda2000_mu20,,,43.147079543019224,1.2893165797485886,-0.09685031806058102,46.31117191124471
6,100,30,20,6.8,10,rep6_k100_lambda30_mu20,,,32.891373690906065,3.276494109529949,-0.2912550373485092,41.49162290389103
7,20,30,20,6.8,10,rep7_k20_lambda30_mu20,,,32.54791873225985,2.4444057455782424,-0.34978540448891526,37.35612302315202
7,100,200,20,6.8,10,rep7_k100_lambda200_mu20,,,38.166623742485065,2.373687248867818,-0.11128418262591283,47.39626623617485
8,20,10000,20,6.8,10,rep8_k20_lambda10000_mu20,,,45.5484140773823,1.5921583601736127,-0.004219149903322027,51.19624202853224
9,5,200,20,6.8,10,rep9_k5_lambda200_mu20,,,39.37001598749305,1.717753143399133,0.0018515704575766123,43.13901011150279
9,30,2000,20,6.8,10,rep9_k30_lambda2000_mu20,,,42.118842152742225,1.453157042339245,-0.06607826620423694,47.14932188591808
10,10,50,20,6.8,10,rep10_k10_lambda50_mu20,,,34.652741921970446,2.080174465414844,-0.42271071213304545,37.92543426805436
10,30,2000,20,6.8,10,rep10_k30_lambda2000_mu20,,,42.42989640583449,1.5850581538918904,-0.10492744535656967,47.503568711313726
1,10,50,50,17,10,rep1_k10_lambda50_mu50,,,85.89429202158051,5.4649112377870805,-0.3353027785064512,95.46803231486767
1,30,2000,50,17,10,rep1_k30_lambda2000_mu50,,,107.98395699763536,5.354473649563045,-0.5198276848458405,116.72749401955969
2,10,2000,50,17,10,rep2_k10_lambda2000_mu50,,,106.55120727081858,5.125654683205897,-0.33592360293939283,115.53219704607292
2,100,30,50,17,10,rep2_k100_lambda30_mu50,,,80.45638805261927,8.08084013187013,-0.15488573682215206,108.81424425706179
3,10,50,50,17,10,rep3_k10_lambda50_mu50,,,89.91711141823487,7.27275826514824,-0.5015032743386961,100.38279896440831
3,30,2000,50,17,10,rep3_k30_lambda2000_mu50,,,106.39840333861837,4.681038639640458,-0.24916265469161536,117.8785587547491
4,5,10000,50,17,10,rep4_k5_lambda10000_mu50,,,111.51005129355968,3.9541458424010925,0.040121738375580106,120.70447315462422
4,30,50,50,17,10,rep4_k30_lambda50_mu50,,,83.89530452870521,8.808938607297069,-0.20736401449791014,107.15612846388456
5,5,10000,50,17,10,rep5_k5_lambda10000_mu50,,,112.73051529574857,1.3161102648207605,0.4788505712627537,120.02023000982179
5,30,50,50,17,10,rep5_k30_lambda50_mu50,,,82.25590170923243,5.54041281880019,-0.06207126940633628,101.53197505997534
6,10,50,50,17,10,rep6_k10_lambda50_mu50,,,83.20569128105289,5.192113087149832,-0.48163173969726747,90.82702322408703
6,30,2000,50,17,10,rep6_k30_lambda2000_mu50,,,106.99178909656074,4.701117929433611,-0.20011705755012787,119.56083704452209
7,10,50,50,17,10,rep7_k10_lambda50_mu50,,,84.79742537641646,10.339523523958677,-0.35761572543216275,102.41397021022836
7,30,2000,50,17,10,rep7_k30_lambda2000_mu50,,,105.78661009102376,4.755992722007182,-0.11414323816345616,120.74803241094314
8,10,2000,50,17,10,rep8_k10_lambda2000_mu50,,,107.52879479063701,3.2117898435764496,-0.6160012442404978,111.61930872669079
8,100,30,50,17,10,rep8_k100_lambda30_mu50,,,80.22152763173126,7.614969062000911,-0.06447661615059895,113.49432430341099
9,10,2000,50,17,10,rep9_k10_lambda2000_mu50,,,107.29495358192153,5.386824228080835,-0.31162281095351274,117.01738297521727
9,100,30,50,17,10,rep9_k100_lambda30_mu50,,,81.01143610892012,7.730494894904202,-0.13709104880580575,109.29624162308858
10,10,2000,50,17,10,rep10_k10_lambda2000_mu50,,,105.77905545481747,4.5318372949946,0.06262532626794542,120.3736804760111
10,100,30,50,17,10,rep10_k100_lambda30_mu50,,,82.0405321236641,7.4469716573447595,-0.061366992372488306,114.86336635710083
1,10,2000,100,34,10,rep1_k10_lambda2000_mu100,,,212.7293338060057,7.694079188029436,0.46494476828184056,275.83612702592535
1,100,30,100,34,10,rep1_k100_lambda30_mu100,,,162.32159054717835,16.387730097340725,-0.21022123929742906,213.17129912949045
2,10,2000,100,34,10,rep2_k10_lambda2000_mu100,,,206.04932024305066,6.763146214164001,0.3936858017494075,251.84606296552155
2,100,30,100,34,10,rep2_k100_lambda30_mu100,,,160.73946244675022,15.356162235253578,-0.08946773910372884,223.77446947492675
3,20,200,100,34,10,rep3_k20_lambda200_mu100,,,183.2479765002849,15.468969759563693,-0.5287434386081296,207.18710052941097
3,100,10000,100,34,10,rep3_k100_lambda10000_mu100,,,226.74069977976765,7.894143239253897,-0.010261484068201135,266.46834380542913
4,20,10000,100,34,10,rep4_k20_lambda10000_mu100,,,229.00967364145234,10.677224343541866,-0.17096306801446967,256.81684719026936
5,3,50,100,34,10,rep5_k3_lambda50_mu100,,,165.10166770636692,7.342795073785122,-0.12720665873428405,175.59240523209627
5,20,10000,100,34,10,rep5_k20_lambda10000_mu100,,,224.88910262234316,8.051606429561504,-0.3161021633821836,241.5237860034889
6,5,200,100,34,10,rep6_k5_lambda200_mu100,,,191.1836324006315,2.370875862411476,0.16007341112998918,197.8650972980241
6,30,50,100,34,10,rep6_k30_lambda50_mu100,,,169.4579803654675,12.677472387986327,-0.106655222131503,209.83685777509774
7,5,200,100,34,10,rep7_k5_lambda200_mu100,,,179.4948086660895,4.030965439382233,0.35947091712808815,196.336877329695
7,20,10000,100,34,10,rep7_k20_lambda10000_mu100,,,228.2293655010516,6.466089691392727,-0.11667031255326057,246.74059414257053
8,5,30,100,34,10,rep8_k5_lambda30_mu100,,,152.853159638472,26.773420806085774,-0.28058442342916046,193.58047249087508
8,20,10000,100,34,10,rep8_k20_lambda10000_mu100,,,226.81646540266118,5.9884964655072634,0.09392809978389009,252.9501195140143
9,5,30,100,34,10,rep9_k5_lambda30_mu100,,,158.4209330627935,9.688412643817193,0.06275061172425782,181.69171003263546
9,20,200,100,34,10,rep9_k20_lambda200_mu100,,,191.90374512565296,12.192862901752822,-0.10409071205862495,227.6336424294374
9,100,10000,100,34,10,rep9_k100_lambda10000_mu100,,,229.0089417204277,9.092781151791412,-0.14908099979512326,261.35753651289303
10,30,50,100,34,10,rep10_k30_lambda50_mu100,,,173.51408757851917,12.438591120132774,-0.35492446551628826,199.21344320432584
1,20,2000,20,6.8,10,rep1_k20_lambda2000_mu20,,,42.75187533568727,2.2473734212325622,-0.2628627529398045,47.78516787196756
2,5,50,20,6.8,10,rep2_k5_lambda50_mu20,,,34.97383147324549,4.3994076991301245,-0.15658326984981377,42.73865168810506
2,30,200,20,6.8,10,rep2_k30_lambda200_mu20,,,38.41569640363376,2.1364641809676064,-0.3780172816472984,42.68171572967413
3,10,30,20,6.8,10,rep3_k10_lambda30_mu20,,,32.396300989655174,1.958204946678626,0.19683650920231627,40.59612176951451
3,30,200,20,6.8,10,rep3_k30_lambda200_mu20,,,37.458097679895694,2.5658369908991463,4.910716782892465e-4,47.67332038074463
4,20,50,20,6.8,10,rep4_k20_lambda50_mu20,,,35.18390895274265,2.3912694443614,-0.20558564808444524,41.05320090797912
4,100,2000,20,6.8,10,rep4_k100_lambda2000_mu20,,,42.627217635519145,1.956177941549517,-0.16606027999541417,49.321130364872744
5,30,200,20,6.8,10,rep5_k30_lambda200_mu20,,,38.503439272216816,2.6675496598442705,-0.2579067497755194,44.94860062873655
6,10,30,20,6.8,10,rep6_k10_lambda30_mu20,,,32.759137072130244,2.2901101194252638,-0.024353833770624004,39.07986531203021
6,30,200,20,6.8,10,rep6_k30_lambda200_mu20,,,37.776089641705504,2.2104102869143696,-0.08673945109370278,45.097699205496994
7,5,2000,20,6.8,10,rep7_k5_lambda2000_mu20,,,41.37404343548043,1.7084329939464724,0.06691164333913222,45.50236762728105
7,30,200,20,6.8,10,rep7_k30_lambda200_mu20,,,37.04632105125928,1.9470043584238301,0.010475823675523403,44.972060356318096
8,10,200,20,6.8,10,rep8_k10_lambda200_mu20,,,39.06758655750944,1.8165609842432138,-0.5332134886470505,41.587783171854284
8,100,50,20,6.8,10,rep8_k100_lambda50_mu20,,,34.567837483499794,3.084122678501987,-0.1166821206606942,46.40584736015744
9,20,50,20,6.8,10,rep9_k20_lambda50_mu20,,,33.9550271131821,2.017869409528782,-0.2917670199853691,38.281233168437446
9,100,2000,20,6.8,10,rep9_k100_lambda2000_mu20,,,42.62504795773436,1.8838246827045233,-0.11638147333603109,49.8612025063078
10,20,2000,20,6.8,10,rep10_k20_lambda2000_mu20,,,41.65604178771977,1.653461541069896,0.23662891422556104,51.774127844503695
1,3,30,50,17,10,rep1_k3_lambda30_mu50,,,74.62958963667,5.345786500159096,0.16978698831287717,86.09589715463751
1,20,2000,50,17,10,rep1_k20_lambda2000_mu50,,,106.58203124663768,5.030429947934968,-0.19322060724629908,119.17974479329206
2,5,2000,50,17,10,rep2_k5_lambda2000_mu50,,,106.128115442291,3.5865324292516085,-0.33981437454000807,111.22824036373873
2,30,30,50,17,10,rep2_k30_lambda30_mu50,,,79.96771869128987,6.307517732125823,-0.028184726749231108,103.56884780821439
3,10,30,50,17,10,rep3_k10_lambda30_mu50,,,79.21191396003628,4.532560782813825,0.17601845354168502,97.42892578756287
3,30,10000,50,17,10,rep3_k30_lambda10000_mu50,,,112.91890733697667,3.5436864506197763,0.034708069012971264,128.15857844656963
4,10,200,50,17,10,rep4_k10_lambda200_mu50,,,91.64493351566809,3.2109825075086462,0.004687027364390791,100.96100268089687
4,30,10000,50,17,10,rep4_k30_lambda10000_mu50,,,114.19469223830565,5.563055630909848,-0.23643082168555787,128.1504865875202
5,20,50,50,17,10,rep5_k20_lambda50_mu50,,,85.13629776766263,7.621296762129476,-0.4900991846859303,97.51509584741012
5,100,2000,50,17,10,rep5_k100_lambda2000_mu50,,,105.2888317535263,4.2398741259474155,-0.007466086946404174,126.80983345029338
6,30,30,50,17,10,rep6_k30_lambda30_mu50,,,79.31828832099697,7.260648743265093,0.07613528323946452,113.60064581909774
7,10,30,50,17,10,rep7_k10_lambda30_mu50,,,79.3220272815688,6.290004199126141,-0.09344175484495561,94.84202765140732
7,30,200,50,17,10,rep7_k30_lambda200_mu50,,,93.67669178039678,4.344598659031096,-0.024633935645739027,110.061519014365
8,10,10000,50,17,10,rep8_k10_lambda10000_mu50,,,111.36938519936979,4.421594906976011,-0.14122223638032677,121.5060587670257
8,100,50,50,17,10,rep8_k100_lambda50_mu50,,,84.40006729407585,7.089384493749607,-0.2086304788493169,106.4748176619615
9,20,50,50,17,10,rep9_k20_lambda50_mu50,,,89.23583248108189,7.234446157275559,-0.334880577133913,103.77968159646488
9,100,2000,50,17,10,rep9_k100_lambda2000_mu50,,,106.19019926770476,4.395958211693129,0.05510524289949058,132.88836235916028
10,20,2000,50,17,10,rep10_k20_lambda2000_mu50,,,104.44130496056331,3.7570669560962373,-0.017109780112494834,117.40514279765075
1,5,50,100,34,10,rep1_k5_lambda50_mu100,,,182.43213530750546,11.69789203396246,-0.22541157037143528,201.3695675839935
1,30,30,100,34,10,rep1_k30_lambda30_mu100,,,161.4702781857881,12.936638617748072,-0.3469282399024849,188.5570623994727
2,10,30,100,34,10,rep2_k10_lambda30_mu100,,,163.07824322923818,13.075984430029635,-0.40334172198643314,184.13906292970862
2,30,200,100,34,10,rep2_k30_lambda200_mu100,,,186.97750037751558,11.951774149722269,-0.30744395892835996,213.61100436783667
3,10,200,100,34,10,rep3_k10_lambda200_mu100,,,193.5485503404,13.63825893501671,-0.5332738571343854,212.46820355348981
3,30,10000,100,34,10,rep3_k30_lambda10000_mu100,,,229.13327836847782,7.982439222462043,-0.24537012508525632,248.85364147348938
4,10,30,100,34,10,rep4_k10_lambda30_mu100,,,172.81200441370095,18.969681476502856,-0.5793701434819527,197.86271926115077
4,30,200,100,34,10,rep4_k30_lambda200_mu100,,,192.3664863418369,13.05196721556685,-0.161163680286193,229.82227148986723
5,10,30,100,34,10,rep5_k10_lambda30_mu100,,,151.44408980712416,12.254866441298232,-0.2331317768891744,176.05638139976764
5,30,10000,100,34,10,rep5_k30_lambda10000_mu100,,,228.9164117496491,9.1763848835374,-0.12957770598159385,256.8925860452665
6,10,10000,100,34,10,rep6_k10_lambda10000_mu100,,,236.0372604656176,8.566159575335552,-0.3517072080474355,250.73312746578245
6,100,50,100,34,10,rep6_k100_lambda50_mu100,,,167.04919069242683,15.1880322468209,-0.06009892935571923,234.10128945658266
7,10,10000,100,34,10,rep7_k10_lambda10000_mu100,,,223.33894274428923,8.762415408896752,0.17502309248430262,258.4596250997021
7,100,50,100,34,10,rep7_k100_lambda50_mu100,,,169.70112380675133,13.597050176487983,-0.17217136235641448,215.56644982629146
8,10,10000,100,34,10,rep8_k10_lambda10000_mu100,,,237.74655133797123,9.732474327644276,-0.9828447266723535,246.63174675710988
8,100,50,100,34,10,rep8_k100_lambda50_mu100,,,167.39328362876435,14.99895528964737,-0.11160323751043813,225.7282278568859
9,10,10000,100,34,10,rep9_k10_lambda10000_mu100,,,228.52775259303482,11.382990161012595,-0.521863128756961,244.51759873013955
9,100,50,100,34,10,rep9_k100_lambda50_mu100,,,170.5407098075214,14.106596873736237,-0.049461526051541506,234.64202296667926
10,20,2000,100,34,10,rep10_k20_lambda2000_mu100,,,212.23138098963494,12.035969058154159,-0.3538678617746714,235.7451987908071
1,3,50,20,6.8,10,rep1_k3_lambda50_mu20,,,33.03906678232769,1.4625084286654348,0.21516778921863947,36.4018166061996
1,20,200,20,6.8,10,rep1_k20_lambda200_mu20,,,38.21018436416819,2.7203537915485088,-0.32141988051253384,43.7821060366341
1,100,10000,20,6.8,10,rep1_k100_lambda10000_mu20,,,45.549274414245964,1.7099516946508688,-0.09484921867555432,52.4685208082283
2,20,10000,20,6.8,10,rep2_k20_lambda10000_mu20,,,46.15081598054188,1.6328883215185201,-0.2407542518174482,49.938134032891966
3,10,50,20,6.8,10,rep3_k10_lambda50_mu20,,,34.14735539109511,3.532933870119898,-0.6234500428526245,38.60486827049322
3,30,2000,20,6.8,10,rep3_k30_lambda2000_mu20,,,42.25644402394171,1.9677773459740961,-0.1490160403592001,48.036700856949
4,10,50,20,6.8,10,rep4_k10_lambda50_mu20,,,33.214755025788456,1.872501924572761,0.12482015245728827,40.00173204464388
4,30,2000,20,6.8,10,rep4_k30_lambda2000_mu20,,,42.66398130770113,1.7496973600743195,-0.15150073081130405,47.77961116531148
5,10,50,20,6.8,10,rep5_k10_lambda50_mu20,,,34.0165411506907,1.274875677227827,-0.20712809232540288,36.663788499152595
5,100,30,20,6.8,10,rep5_k100_lambda30_mu20,,,32.93584503996263,3.3764527122974424,-0.2546593811019415,42.475819410249514
6,20,30,20,6.8,10,rep6_k20_lambda30_mu20,,,32.5968039049279,3.6301360986111213,-0.1576142105245491,42.26121897859156
6,100,200,20,6.8,10,rep6_k100_lambda200_mu20,,,37.88861824277419,2.4005022306032,-0.19201631787329573,45.633876378757876
7,20,200,20,6.8,10,rep7_k20_lambda200_mu20,,,38.70612606049628,2.8809381117896335,-0.08284446867690157,47.48157684272133
7,100,10000,20,6.8,10,rep7_k100_lambda10000_mu20,,,45.75776856323342,1.7112407944722021,-0.04002254944760298,53.72754060055676
8,30,50,20,6.8,10,rep8_k30_lambda50_mu20,,,34.60456597056274,2.8040188925431426,-0.06419110188434678,44.34207040576605
9,10,2000,20,6.8,10,rep9_k10_lambda2000_mu20,,,42.056270525645914,1.9836010651201235,0.028582311065363145,48.055391611696756
9,100,30,20,6.8,10,rep9_k100_lambda30_mu20,,,32.48083073738397,2.8149428425577097,-0.10710338036259072,43.54189760553576
10,10,2000,20,6.8,10,rep10_k10_lambda2000_mu20,,,42.852191992882176,2.0728214309575765,-0.36342670703831076,46.35374638970828
10,100,30,20,6.8,10,rep10_k100_lambda30_mu20,,,32.92174743107425,2.8863090917180463,-0.1704313147141763,42.7010143438714
1,10,2000,50,17,10,rep1_k10_lambda2000_mu50,,,112.20047018686347,5.806602396085274,-0.4021594771099119,121.56128206604282
1,100,30,50,17,10,rep1_k100_lambda30_mu50,,,80.71822432625247,7.8825537205940215,-0.18207333534288075,106.71807925021075
2,20,30,50,17,10,rep2_k20_lambda30_mu50,,,82.32698488367566,8.085654831808007,-0.18980095798484886,102.72251850428016
2,100,200,50,17,10,rep2_k100_lambda200_mu50,,,93.23321992845162,6.350394781373514,-0.08428072518389747,119.64743423651856
3,10,2000,50,17,10,rep3_k10_lambda2000_mu50,,,106.41490701832767,2.46604921779274,-0.12729039946223003,112.20339585960505
3,100,30,50,17,10,rep3_k100_lambda30_mu50,,,80.07669535494752,7.426760723093149,-0.09504189408859748,110.12348011400542
4,10,50,50,17,10,rep4_k10_lambda50_mu50,,,81.12982183650128,6.269265147574773,-0.2685418551935452,93.11465225570008
4,30,2000,50,17,10,rep4_k30_lambda2000_mu50,,,106.94140157344765,4.728511973829866,0.008317770532134927,126.09135291676596
5,10,50,50,17,10,rep5_k10_lambda50_mu50,,,84.69824920284951,4.788123465979841,-0.29200947118993337,93.5632051855614
5,30,2000,50,17,10,rep5_k30_lambda2000_mu50,,,104.50721502290456,4.066121209876948,0.061657268564605995,123.14960330999303
6,10,2000,50,17,10,rep6_k10_lambda2000_mu50,,,102.87283898934726,2.641511918212978,0.28575674274742335,116.39185207984052
6,100,30,50,17,10,rep6_k100_lambda30_mu50,,,82.08862473495269,9.153123161132614,-0.2960474645613013,105.9052256943315
7,10,2000,50,17,10,rep7_k10_lambda2000_mu50,,,103.9128648642589,5.214842696542714,-0.2260647721142784,114.4643790787972
7,100,30,50,17,10,rep7_k100_lambda30_mu50,,,79.78065391120828,7.307837860912341,-0.14728083389832913,105.89724365559807
8,20,30,50,17,10,rep8_k20_lambda30_mu50,,,81.38589148431825,5.915194278791204,-0.03873507300256489,100.95025870238102
8,100,200,50,17,10,rep8_k100_lambda200_mu50,,,93.27385749844828,5.253375406106608,-0.0298417155309448,118.3881712739439
9,20,30,50,17,10,rep9_k20_lambda30_mu50,,,84.44164814863049,8.614986804541548,-0.3299455066660691,101.87996727012481
9,100,200,50,17,10,rep9_k100_lambda200_mu50,,,93.96313588934325,5.51070201260979,-0.015160213419634107,121.35412581255518
10,20,30,50,17,10,rep10_k20_lambda30_mu50,,,84.67296211508993,9.155946719247064,-0.22302489906738002,106.51434716455039
10,100,200,50,17,10,rep10_k100_lambda200_mu50,,,94.38134062425998,5.931658286102189,-0.0912389295297946,118.61317625609014
1,20,30,100,34,10,rep1_k20_lambda30_mu100,,,161.34405454899812,17.391933066517225,-0.3762086487835321,194.24861052559106
1,100,200,100,34,10,rep1_k100_lambda200_mu100,,,190.99936140552256,12.717315494847307,-0.0558653792185523,247.7979427142962
2,20,30,100,34,10,rep2_k20_lambda30_mu100,,,160.24458785496222,15.131016696221982,-0.1662385458489882,199.93736543091185
2,100,200,100,34,10,rep2_k100_lambda200_mu100,,,186.14804173629216,12.070656092925157,-0.036999721339348764,242.8148303671861
3,20,10000,100,34,10,rep3_k20_lambda10000_mu100,,,230.1714605330633,11.94748052567298,-0.027874397388116662,270.50812797851205
4,5,10000,100,34,10,rep4_k5_lambda10000_mu100,,,236.59552934977435,10.221001366724487,-0.0678623141034469,256.88404436211613
4,30,50,100,34,10,rep4_k30_lambda50_mu100,,,169.06136535283642,11.856851801987787,-0.22655796485379176,199.3073964976951
5,5,200,100,34,10,rep5_k5_lambda200_mu100,,,183.27868888839035,10.334965720790954,0.4126474515495849,232.23068383168766
5,30,50,100,34,10,rep5_k30_lambda50_mu100,,,171.2624791206059,16.212763114597124,0.026704377977755656,239.51108989180477
6,10,50,100,34,10,rep6_k10_lambda50_mu100,,,160.52280385146713,12.244888479159423,-0.08347849526545241,191.21455816833634
6,30,2000,100,34,10,rep6_k30_lambda2000_mu100,,,214.23180787456846,10.87926482657154,-0.23682879075967173,241.4994580133573
7,5,10000,100,34,10,rep7_k5_lambda10000_mu100,,,226.6673445109635,7.085737803303801,0.34710527010930076,255.47387185778803
7,30,50,100,34,10,rep7_k30_lambda50_mu100,,,172.29878811468683,14.392939552306588,-0.17156996456653223,212.85246725914502
8,5,200,100,34,10,rep8_k5_lambda200_mu100,,,198.30928379424265,13.505090218616669,-0.9933039262900195,209.1652072276314
8,30,50,100,34,10,rep8_k30_lambda50_mu100,,,171.83319049952422,9.830733059643613,-0.04482231120886152,207.29463468006603
9,5,200,100,34,10,rep9_k5_lambda200_mu100,,,183.38382074049127,17.481798396515163,-0.17394906972305454,213.60658949556677
9,20,10000,100,34,10,rep9_k20_lambda10000_mu100,,,225.93404437474382,8.408067697258904,0.06383029694884469,260.25217299425447
10,10,50,100,34,10,rep10_k10_lambda50_mu100,,,172.09553735651033,10.328714925917303,0.19371852611644572,215.16030035625354
10,30,2000,100,34,10,rep10_k30_lambda2000_mu100,,,212.9942089596432,11.11226392178533,-0.0827920494202281,250.14396989403485
